mode,batch,rep,frac,auc_ref,auc_cur,auc_drop,ks,psi,wasserstein,jensen_shannon,mmd,c2st,alarm_ks,alarm_psi,alarm_wasserstein,alarm_jensen_shannon,alarm_mmd,alarm_c2st,harm
sudden,1,0,1.0,0.8681332081041191,0.7062810331938981,0.16185217491022097,0.4668000042438507,6.622373008691946,18.214617083900762,0.8358046401562249,0.010250508785247803,0.49995917968750003,1,1,1,1,1,1,1
gradual,1,0,0.125,0.8681332081041191,0.7726041893275358,0.09552901877658326,0.43109217286109924,3.805886136376641,2.2558884825410352,0.6464443973502486,-0.0001850128173828125,0.49985185546875,1,1,1,1,0,1,1
sudden,2,0,1.0,0.8681332081041191,0.7309602990813631,0.13717290902275603,0.4646500051021576,6.576216081861684,18.009610071237244,0.8325145827728432,0.01117783784866333,0.49989902343750003,1,1,1,1,1,1,1
gradual,2,0,0.25,0.8681332081041191,0.7481217199301092,0.12001148817400986,0.43778520822525024,4.79608729169976,4.456434564813548,0.7232220787187273,-0.0002453923225402832,0.49982011718749997,1,1,1,1,0,1,1
sudden,3,0,1.0,0.8681332081041191,0.7325728114487625,0.13556039665535657,0.4635999798774719,6.630226501713423,18.183552299949607,0.8361820681298927,0.011209428310394287,0.499953515625,1,1,1,1,1,1,1
gradual,3,0,0.375,0.8681332081041191,0.7402595837459793,0.12787362435813976,0.45135000348091125,5.442680742980564,6.7695041757051,0.7656902025235097,-0.0001386404037475586,0.49985595703124996,1,1,1,1,0,1,1
sudden,4,0,1.0,0.8681332081041191,0.7199900930702231,0.148143115033896,0.465774267911911,6.520792243208801,18.2459917688247,0.8328794080919256,0.0108262300491333,0.49990566406250003,1,1,1,1,1,1,1
gradual,4,0,0.5,0.8681332081041191,0.7318042506261504,0.1363289574779687,0.4524500072002411,5.778827642582865,9.068920635408162,0.7889441958554376,0.00036156177520751953,0.49976689453125,1,1,1,1,0,1,1
sudden,5,0,1.0,0.8681332081041191,0.7150555956931834,0.15307761241093565,0.4715000092983246,6.650575991990721,18.124683813983253,0.8364672287085457,0.010932207107543945,0.49989765624999993,1,1,1,1,1,1,1
gradual,5,0,0.625,0.8681332081041191,0.7319214794330207,0.13621172867109843,0.4548499882221222,6.062528974770672,11.387478162484257,0.8050983335509981,0.0016301274299621582,0.49983876953125006,1,1,1,1,1,1,1
sudden,6,0,1.0,0.8681332081041191,0.7133271555395506,0.15480605256456847,0.4786999821662903,6.667840206479281,18.208191361006172,0.8365778779154603,0.011311054229736328,0.49994843750000006,1,1,1,1,1,1,1
gradual,6,0,0.75,0.8681332081041191,0.7264997155900413,0.14163349251407775,0.45934998989105225,6.259758951337842,13.616485200182733,0.8160639770564907,0.0038695931434631348,0.4998897460937499,1,1,1,1,1,1,1
sudden,7,0,1.0,0.8681332081041191,0.7109606674756276,0.1571725406284915,0.4668999910354614,6.582732143726232,18.082352843564543,0.8342254717528349,0.010654151439666748,0.49994443359374996,1,1,1,1,1,1,1
gradual,7,0,0.875,0.8681332081041191,0.7145881184358802,0.15354508966823888,0.4641999900341034,6.531054254637831,15.807299808012836,0.8294650233657569,0.006535708904266357,0.49991582031250004,1,1,1,1,1,1,1
sudden,8,0,1.0,0.8681332081041191,0.7167696561450388,0.15136355195908024,0.461899995803833,6.564924813905782,18.104582894973902,0.8335137711732327,0.010996818542480469,0.49997499999999995,1,1,1,1,1,1,1
gradual,8,0,1.0,0.8681332081041191,0.7102512003798434,0.15788200772427574,0.4655500054359436,6.600506399312207,17.989263371879733,0.8336446238266823,0.011196434497833252,0.49991748046874995,1,1,1,1,1,1,1
sudden,1,1,1.0,0.8481342114763755,0.7397413649761821,0.10839284650019332,0.4659000039100647,6.337869813871185,17.66062610802888,0.8307431743733406,0.011449217796325684,0.49984072265625,1,1,1,1,1,1,1
gradual,1,1,0.125,0.8481342114763755,0.783851374017582,0.06428283745879348,0.4362858533859253,3.6903985798774195,2.133735660742187,0.6493382855706374,0.00048720836639404297,0.4998072265624999,1,1,1,1,0,1,1
sudden,2,1,1.0,0.8481342114763755,0.7229392102951462,0.12519500118122928,0.4584500193595886,6.2799727328639205,17.778006141689787,0.8293453415158626,0.01120215654373169,0.49984130859375,1,1,1,1,1,1,1
gradual,2,1,0.25,0.8481342114763755,0.762488082912836,0.08564612856353948,0.4381028711795807,4.612578831544057,4.318336853871736,0.7258377390190588,0.0003425478935241699,0.49985185546875,1,1,1,1,0,1,1
sudden,3,1,1.0,0.8481342114763755,0.7232666237914118,0.12486758768496364,0.4661500155925751,6.3279198150675136,17.636192897563937,0.8300906450122996,0.010728597640991211,0.49992646484375003,1,1,1,1,1,1,1
gradual,3,1,0.375,0.8481342114763755,0.7506529167423722,0.09748129473400324,0.44510000944137573,5.1807993837524124,6.681818248224978,0.7626472484074688,0.00048798322677612305,0.49982597656249994,1,1,1,1,0,1,1
sudden,4,1,1.0,0.8481342114763755,0.7147136393010878,0.1334205721752877,0.469400018453598,6.45064009997447,17.79680934581345,0.8329792791123971,0.01049727201461792,0.49996699218750007,1,1,1,1,1,1,1
gradual,4,1,0.5,0.8481342114763755,0.7344072703377235,0.113726941138652,0.4556500017642975,5.5727951217314695,8.858178304243976,0.7856242314311491,0.000728905200958252,0.4997705078125,1,1,1,1,1,1,1
sudden,5,1,1.0,0.8481342114763755,0.7278375650389464,0.1202966464374291,0.4615499973297119,6.379729540401947,17.930071493003904,0.8317897656012321,0.011571764945983887,0.499930078125,1,1,1,1,1,1,1
gradual,5,1,0.625,0.8481342114763755,0.7298990123431913,0.11823519913318414,0.4600500166416168,5.860250798404267,11.098211046731848,0.801723125392725,0.0020505785942077637,0.4997871093749999,1,1,1,1,1,1,1
sudden,6,1,1.0,0.8481342114763755,0.719483719901473,0.1286504915749025,0.45910000801086426,6.338379424237315,17.96072339476257,0.8323265828360874,0.011115729808807373,0.4999626953124999,1,1,1,1,1,1,1
gradual,6,1,0.75,0.8481342114763755,0.7296538241281026,0.11848038734827282,0.4618000090122223,6.003586369576496,13.26347716028049,0.8118382835907091,0.003944814205169678,0.4998939453125,1,1,1,1,1,1,1
sudden,7,1,1.0,0.8481342114763755,0.7235724666752633,0.12456174480111215,0.46505001187324524,6.391332792010269,17.6354550728186,0.8336285389435301,0.010427236557006836,0.49990869140625005,1,1,1,1,1,1,1
gradual,7,1,0.875,0.8481342114763755,0.7213014666190716,0.1268327448573039,0.4631919860839844,6.183761613057056,15.514165053756845,0.8222494212480945,0.006848931312561035,0.499858984375,1,1,1,1,1,1,1
sudden,8,1,1.0,0.8481342114763755,0.7386480933100065,0.109486118166369,0.4672999978065491,6.345818876208267,17.825424258617083,0.8308152831870153,0.010863900184631348,0.49990996093749995,1,1,1,1,1,1,1
gradual,8,1,1.0,0.8481342114763755,0.7215281270981055,0.12660608437826992,0.4694499969482422,6.389384171361949,17.632140690601375,0.8306645960546172,0.011246144771575928,0.4999420898437499,1,1,1,1,1,1,1
sudden,1,2,1.0,0.8563242061977955,0.7201746890160441,0.1361495171817514,0.46239998936653137,6.4667023464302575,21.00972632342422,0.8320645817299602,0.016618728637695312,0.49990253906250004,1,1,1,1,1,1,1
gradual,1,2,0.125,0.8563242061977955,0.7819092153420165,0.07441499085577896,0.42698410153388977,3.7198696568217575,2.2796645869429097,0.6401567002211757,0.0005435943603515625,0.4997222656249999,1,1,1,1,0,1,1
sudden,2,2,1.0,0.8563242061977955,0.7316823046119564,0.1246419015858391,0.46549999713897705,6.457858970519376,20.934950628332977,0.8318634399078673,0.01559215784072876,0.49986328125,1,1,1,1,1,1,1
gradual,2,2,0.25,0.8563242061977955,0.7629842890766894,0.09333991712110612,0.4314500093460083,4.690912118786923,4.890279504970376,0.7211168006372459,0.0008495450019836426,0.49967773437500007,1,1,1,1,1,1,1
sudden,3,2,1.0,0.8563242061977955,0.7225217951122265,0.133802411085569,0.46799999475479126,6.463231832173368,20.919490340345874,0.831769285662774,0.01570981740951538,0.4999087890625,1,1,1,1,1,1,1
gradual,3,2,0.375,0.8563242061977955,0.7486031639083521,0.10772104228944335,0.4431000053882599,5.2130497210481215,7.541268860746311,0.7563803340186585,0.001346290111541748,0.49976796875000007,1,1,1,1,1,1,1
sudden,4,2,1.0,0.8563242061977955,0.7247761229492964,0.1315480832484991,0.4646500051021576,6.394232026645181,20.951620432001725,0.8286909307669275,0.01595669984817505,0.49996748046874995,1,1,1,1,1,1,1
gradual,4,2,0.5,0.8563242061977955,0.7387537475486599,0.11757045864913562,0.455949991941452,5.561333527556642,10.162556735552347,0.7780561544934359,0.0026151537895202637,0.4997316406250001,1,1,1,1,1,1,1
sudden,5,2,1.0,0.8563242061977955,0.7288583663502306,0.12746583984756488,0.46950000524520874,6.43930350311112,21.015349791188466,0.8297232782881334,0.016027450561523438,0.4998681640625,1,1,1,1,1,1,1
gradual,5,2,0.625,0.8563242061977955,0.728456704374806,0.12786750182298945,0.4593999981880188,5.951955168986737,12.922726448723136,0.8011406127616744,0.004278719425201416,0.49983886718750004,1,1,1,1,1,1,1
sudden,6,2,1.0,0.8563242061977955,0.7193833866384033,0.1369408195593922,0.4666999876499176,6.411975411734555,20.821010228756904,0.8306056258881799,0.016299664974212646,0.4999112304687501,1,1,1,1,1,1,1
gradual,6,2,0.75,0.8563242061977955,0.7278469984677445,0.128477207730051,0.46129998564720154,6.175691860870318,15.660725092040979,0.8152076573306445,0.0070645809173583984,0.4997974609375,1,1,1,1,1,1,1
sudden,7,2,1.0,0.8563242061977955,0.7279192693372661,0.12840493686052934,0.4645499885082245,6.436242791674197,21.115376021652835,0.8300674227982235,0.016264021396636963,0.49992373046875005,1,1,1,1,1,1,1
gradual,7,2,0.875,0.8563242061977955,0.718356461425883,0.13796774477191243,0.4639500081539154,6.30581173221591,18.26291532968577,0.8231220408559057,0.010847508907318115,0.499908984375,1,1,1,1,1,1,1
sudden,8,2,1.0,0.8563242061977955,0.7347785668644146,0.12154563933338092,0.4657999873161316,6.426633007400588,21.162219916981357,0.830441980150164,0.01616036891937256,0.49993134765625,1,1,1,1,1,1,1
gradual,8,2,1.0,0.8563242061977955,0.7359546302998521,0.12036957589794339,0.47095000743865967,6.497095319830065,21.0172853388394,0.8320544569919245,0.01631706953048706,0.49991337890625,1,1,1,1,1,1,1
sudden,1,3,1.0,0.853597998219651,0.7128597380510646,0.14073826016858637,0.463049978017807,6.181310111983761,19.579735064423804,0.8240851698666832,0.01402050256729126,0.4998597656249999,1,1,1,1,1,1,1
gradual,1,3,0.125,0.853597998219651,0.7785563359542952,0.0750416622653558,0.43352800607681274,3.435227759456621,2.163192674174138,0.6218738328491382,-4.57763671875e-05,0.49970292968749996,1,1,1,1,0,1,1
sudden,2,3,1.0,0.853597998219651,0.7162654370653642,0.13733256115428683,0.46609997749328613,6.201999125306158,19.634956337294152,0.8232358807748419,0.013719379901885986,0.49991396484374995,1,1,1,1,1,1,1
gradual,2,3,0.25,0.853597998219651,0.7689940192217889,0.0846039789978621,0.42745062708854675,4.440173866770699,4.51366552069323,0.7107438065538796,8.046627044677734e-05,0.49972216796875,1,1,1,1,0,1,1
sudden,3,3,1.0,0.853597998219651,0.7244790154775577,0.12911898274209332,0.45784997940063477,6.127453033054274,19.551987243684202,0.822815703134963,0.0135689377784729,0.4998787109375,1,1,1,1,1,1,1
gradual,3,3,0.375,0.853597998219651,0.7485330712371528,0.10506492698249814,0.439300000667572,4.932905386484925,6.949912418434595,0.74369531276097,0.0007087588310241699,0.4997275390625001,1,1,1,1,1,1,1
sudden,4,3,1.0,0.853597998219651,0.7148629280097939,0.1387350702098571,0.46164998412132263,6.224242371606977,19.458524272061368,0.8256292442248138,0.01371985673904419,0.49994941406249993,1,1,1,1,1,1,1
gradual,4,3,0.5,0.853597998219651,0.7334608975006205,0.1201371007190305,0.4453499913215637,5.283035887463779,9.55339416537863,0.7670411742357306,0.001620173454284668,0.49963232421875003,1,1,1,1,1,1,1
sudden,5,3,1.0,0.853597998219651,0.7191271839595453,0.13447081426010565,0.4642999768257141,6.240894936714538,19.657330765398797,0.8257884877020645,0.01476365327835083,0.49981240234375,1,1,1,1,1,1,1
gradual,5,3,0.625,0.853597998219651,0.726145579598568,0.12745241862108303,0.4605499804019928,5.69959501563313,12.04788182788915,0.7914745416196887,0.0033106207847595215,0.49973515625,1,1,1,1,1,1,1
sudden,6,3,1.0,0.853597998219651,0.7171594248398185,0.13643857337983245,0.4605499804019928,6.131520500937917,19.522860139476187,0.8229361380351343,0.013574361801147461,0.4999058593750001,1,1,1,1,1,1,1
gradual,6,3,0.75,0.853597998219651,0.7251328097720225,0.12846518844762844,0.4610999822616577,5.941640711294628,14.46251176360829,0.8080576769852874,0.006219625473022461,0.49979179687499997,1,1,1,1,1,1,1
sudden,7,3,1.0,0.853597998219651,0.7121408667053709,0.14145713151428008,0.4651999771595001,6.185678119125569,19.62060787541638,0.8244400490482136,0.0136336088180542,0.49989580078125007,1,1,1,1,1,1,1
gradual,7,3,0.875,0.853597998219651,0.7216133902540608,0.1319846079655902,0.46209999918937683,6.050882053087589,17.0460486509228,0.8152194521958636,0.009723961353302002,0.49990917968750004,1,1,1,1,1,1,1
sudden,8,3,1.0,0.853597998219651,0.7123902630006858,0.14120773521896524,0.46299999952316284,6.211971885023728,19.360378679327468,0.8246850847432544,0.014051198959350586,0.49992773437499993,1,1,1,1,1,1,1
gradual,8,3,1.0,0.853597998219651,0.720320723372837,0.13327727484681395,0.4675000011920929,6.208405561387919,19.487622236738318,0.8248880552763957,0.014505445957183838,0.49986494140625015,1,1,1,1,1,1,1
sudden,1,4,1.0,0.8693774998497157,0.7152298329524356,0.1541476668972801,0.4673999845981598,6.268687318560877,20.846606433604244,0.8268277378010904,0.01284646987915039,0.49988017578125,1,1,1,1,1,1,1
gradual,1,4,0.125,0.8693774998497157,0.7843949714668892,0.0849825283828265,0.4300564229488373,3.599085419616062,2.3520174171214396,0.6384061813455416,-0.0003688335418701172,0.49978154296875,1,1,1,1,0,1,1
sudden,2,4,1.0,0.8693774998497157,0.7168702444815459,0.15250725536816978,0.46674999594688416,6.290904532480941,20.870049826809392,0.8264569996992978,0.013311266899108887,0.49987763671874996,1,1,1,1,1,1,1
gradual,2,4,0.25,0.8693774998497157,0.75897896338821,0.11039853646150566,0.43748143315315247,4.547857996769434,4.871015568711602,0.716234239492721,-0.0002593994140625,0.49966884765624997,1,1,1,1,0,1,1
sudden,3,4,1.0,0.8693774998497157,0.7073571405763186,0.16202035927339709,0.46274998784065247,6.2869078334424575,20.72125989200469,0.8276208748171785,0.013101518154144287,0.499953515625,1,1,1,1,1,1,1
gradual,3,4,0.375,0.8693774998497157,0.7436105561105562,0.12576694373915953,0.4465999901294708,5.0750297106539,7.519006213945362,0.751047582277701,0.00011748075485229492,0.4997665039062501,1,1,1,1,0,1,1
sudden,4,4,1.0,0.8693774998497157,0.7116973351990477,0.15768016465066803,0.46639999747276306,6.314716885415846,20.923347323155905,0.8290116436894677,0.012978434562683105,0.49992724609375006,1,1,1,1,1,1,1
gradual,4,4,0.5,0.8693774998497157,0.7374856878281535,0.1318918120215622,0.4564499855041504,5.452131538176671,10.233953258378854,0.7762911948518465,0.0008423328399658203,0.49973886718750005,1,1,1,1,1,1,1
sudden,5,4,1.0,0.8693774998497157,0.7126375336991775,0.1567399661505382,0.46219998598098755,6.293663413837499,20.780418700976547,0.82738820242198,0.012461841106414795,0.4998563476562501,1,1,1,1,1,1,1
gradual,5,4,0.625,0.8693774998497157,0.715926339642093,0.15345116020762273,0.4546000063419342,5.686317002587202,12.862863039905065,0.7938520078169509,0.002386927604675293,0.4998058593749999,1,1,1,1,1,1,1
sudden,6,4,1.0,0.8693774998497157,0.7114018971895685,0.1579756026601472,0.46559998393058777,6.233722978589312,20.785529698444687,0.8254876223581347,0.012505948543548584,0.49988994140625,1,1,1,1,1,1,1
gradual,6,4,0.75,0.8693774998497157,0.7257831352437517,0.14359436460596398,0.4598499834537506,5.883007353730981,15.55838109274051,0.8057325827266508,0.005240142345428467,0.49985791015625003,1,1,1,1,1,1,1
sudden,7,4,1.0,0.8693774998497157,0.7233749412687769,0.1460025585809388,0.46619999408721924,6.331679688256898,20.861293324068942,0.8288716095916264,0.012630283832550049,0.4999066406249999,1,1,1,1,1,1,1
gradual,7,4,0.875,0.8693774998497157,0.7213506385167344,0.14802686133298126,0.4645499885082245,6.094754341186151,18.13383615500981,0.8185924881474762,0.008475184440612793,0.4997721679687499,1,1,1,1,1,1,1
sudden,8,4,1.0,0.8693774998497157,0.7184407344938166,0.15093676535589906,0.46309998631477356,6.256582008989209,20.702077859787458,0.8266084442562383,0.012265801429748535,0.4999022460937501,1,1,1,1,1,1,1
gradual,8,4,1.0,0.8693774998497157,0.718929187251105,0.1504483125986107,0.4671814739704132,6.353711648139515,20.772400877407122,0.8293697241676705,0.013490915298461914,0.49988623046875,1,1,1,1,1,1,1
sudden,1,5,1.0,0.8488898586559811,0.7246244258930756,0.12426543276290547,0.46424999833106995,6.187867981046691,19.70743858248228,0.8204768174391082,0.009614109992980957,0.49989042968749997,1,1,1,1,1,1,1
gradual,1,5,0.125,0.8488898586559811,0.784548436604779,0.06434142205120208,0.43807464838027954,3.38353929724842,2.3468398741138516,0.6175484776552148,-1.531839370727539e-05,0.49980625,1,1,1,1,0,1,1
sudden,2,5,1.0,0.8488898586559811,0.7117179064415077,0.13717195221447342,0.4630766808986664,6.200501557283135,19.491352842527313,0.8229614678565154,0.00997990369796753,0.49993828125000006,1,1,1,1,1,1,1
gradual,2,5,0.25,0.8488898586559811,0.7692591104895526,0.07963074816642846,0.4331766963005066,4.3975659752409015,4.739425380215241,0.709317030047072,-9.179115295410156e-06,0.49982597656249994,1,1,1,1,0,1,1
sudden,3,5,1.0,0.8488898586559811,0.7309343257198122,0.1179555329361689,0.4619499742984772,6.174823002896338,19.508653697175944,0.8199708946324046,0.009206056594848633,0.49992578125,1,1,1,1,1,1,1
gradual,3,5,0.375,0.8488898586559811,0.7532357589130673,0.09565409974291383,0.44359999895095825,4.955663132968384,7.1248945810648765,0.7463492396698947,0.00013405084609985352,0.49979599609375003,1,1,1,1,0,1,1
sudden,4,5,1.0,0.8488898586559811,0.7300332368608056,0.11885662179517553,0.4580499827861786,6.13488141260205,19.464458747299005,0.820026444133264,0.009422779083251953,0.49996435546874995,1,1,1,1,1,1,1
gradual,4,5,0.5,0.8488898586559811,0.7481209282745653,0.10076893038141577,0.4456999897956848,5.276861548123255,9.543317380516267,0.7678079612619595,0.0006453394889831543,0.4998486328125,1,1,1,1,1,1,1
sudden,5,5,1.0,0.8488898586559811,0.7259316774054905,0.12295818125049063,0.4659999907016754,6.231709559662026,19.485291904201304,0.8222545338274678,0.010003864765167236,0.499879296875,1,1,1,1,1,1,1
gradual,5,5,0.625,0.8488898586559811,0.7390391427334291,0.10985071592255202,0.45649999380111694,5.672875928469657,12.117046431881985,0.7909098320014047,0.0016446709632873535,0.4998079101562499,1,1,1,1,1,1,1
sudden,6,5,1.0,0.8488898586559811,0.7404088205772564,0.10848103807872467,0.4619499742984772,6.084747868324213,19.397147209530218,0.8178480491952586,0.009475290775299072,0.4998930664062501,1,1,1,1,1,1,1
gradual,6,5,0.75,0.8488898586559811,0.7431176393251436,0.10577221933083747,0.46014997363090515,5.8500549072734005,14.564392275114894,0.8013109880987098,0.0035247802734375,0.49991796874999994,1,1,1,1,1,1,1
sudden,7,5,1.0,0.8488898586559811,0.7328420658659726,0.11604779279000854,0.46449998021125793,6.1614385342486795,19.622410994959196,0.8197452955199896,0.009242117404937744,0.49987236328124995,1,1,1,1,1,1,1
gradual,7,5,0.875,0.8488898586559811,0.7202226933025657,0.12866716535341538,0.4593999981880188,5.986525308523849,16.951263258191204,0.811498941286589,0.006118714809417725,0.4999147460937501,1,1,1,1,1,1,1
sudden,8,5,1.0,0.8488898586559811,0.711940206821212,0.13694965183476915,0.46324998140335083,6.146843999407935,19.617735104041927,0.819552613778957,0.009537577629089355,0.49997333984375003,1,1,1,1,1,1,1
gradual,8,5,1.0,0.8488898586559811,0.7410145766551572,0.10787528200082386,0.46344998478889465,6.108521407841066,19.463499428203995,0.8181745008145944,0.009922325611114502,0.49982666015625,1,1,1,1,1,1,1
