archetype,rep,expected_harm,expected_alarm,auc_ref,auc_cur,auc_drop,segment_auc_drop,segment_positive_share,ks,psi,wasserstein,jensen_shannon,mmd,c2st,harm,segment_harm,alarm_ks,alarm_psi,alarm_wasserstein,alarm_jensen_shannon,alarm_mmd,alarm_c2st
true_null,0,False,quiet,0.8536867508068235,0.8464335633766881,0.007253187430135477,,,0.020877480506896973,0.005642369849394668,0.5025500000000498,0.04923687670841973,0.0001964569091796875,-0.0016966308593749369,0,0,0,0,0,0,0,0
covariate_shift_mild,0,False,fire,0.8536867508068235,0.8313547577619379,0.022331993044885645,,,0.25966987013816833,0.3069395923499395,1.3894200203030396,0.23691812356196001,0.006220400333404541,0.1446471191406249,1,0,1,1,1,1,1,1
covariate_shift_moderate,0,False,fire,0.8536867508068235,0.818167091389561,0.03551965941726254,,,0.5123207569122314,1.2033289952931905,3.4969620215615134,0.45724905886528916,0.02675807476043701,0.28143974609375,1,0,1,1,1,1,1,1
covariate_shift_strong,0,False,fire,0.8536867508068235,0.800438918495373,0.05324783231145058,,,0.7259066104888916,3.435411092136645,6.957240171608024,0.687826300415626,0.06395739316940308,0.4052430175781252,1,0,1,1,1,1,1,1
concept_drift_no_covariate_shift,0,True,quiet,0.8536867508068235,0.5179927864934355,0.33569396431338805,,,0.020877480506896973,0.005642369849394668,0.5025500000000498,0.04923687670841973,0.0001964569091796875,-0.0016966308593749369,1,0,0,0,0,0,0,0
imputation_masked_null,0,True,quiet,0.8536867508068235,0.7817768167571337,0.07190993404968982,,,0.0255279541015625,0.008777835899053324,0.5025500000000498,0.04923687670841973,0.0036638975143432617,0.49977919921875,1,0,0,0,0,0,1,1
imputation_visible,0,True,unknown,0.8536867508068235,0.7803651133059641,0.0733216375008594,,,0.4466000199317932,3.7154124220616693,2.547524999999989,0.7886465634183396,0.003689885139465332,0.4995848632812502,1,0,1,1,1,1,1,1
dilution_shift,0,True,quiet,0.8536867508068235,0.8398007464308511,0.013886004375972427,0.17431874563860594,0.40751043115438107,0.042355671525001526,0.036307889530206486,2.383024137057392,0.07567405729226237,0.0005336403846740723,0.03207602539062504,0,1,0,1,1,1,0,1
dilution_permuted,0,True,quiet,0.8536867508068235,0.8387141160029917,0.014972634803831819,0.4041883413073588,0.40751043115438107,0.020877480506896973,0.005642369849394668,0.5025500000000498,0.04923687670841973,0.0003679990768432617,0.013835009765625017,0,1,0,0,0,0,0,1
irrelevant_feature_drift,0,False,fire,0.8536867508068235,0.8464335633766881,0.007253187430135477,,,1.0,17.62240547990116,343.7673754553054,0.9133712738159431,0.9285989999771118,0.5,0,0,1,1,1,1,1,1
sudden_shift,0,True,fire,0.8536867508068235,0.7117804400607977,0.1419063107460259,,,0.46127066016197205,6.404935018613514,17.268682644216348,0.8287978054598684,0.01716136932373047,0.49990966796875,1,0,1,1,1,1,1,1
gradual_shift,0,True,unknown,0.8536867508068235,0.7701467189120653,0.08354003189475823,,,0.4384499788284302,4.744663096832543,4.232686768816035,0.7250917952919671,0.0005440115928649902,0.4996661132812501,1,0,1,1,1,1,0,1
true_null,1,False,quiet,0.853139165734447,0.8555720475301121,-0.0024328817956650317,,,0.027048230171203613,0.012743337574747729,0.2539719897783066,0.05897114822179077,-9.85264778137207e-05,0.0071653808593750146,0,0,0,0,0,0,0,0
covariate_shift_mild,1,False,fire,0.853139165734447,0.8454679507450529,0.0076712149893941595,,,0.2682293951511383,0.3261969285808183,0.9926020715380149,0.24461436551401547,0.005002319812774658,0.16059033203125006,0,0,1,1,1,1,1,1
covariate_shift_moderate,1,False,fire,0.853139165734447,0.8494734864516129,0.0036656792828341223,,,0.519078254699707,1.2314805682682037,2.967676270539855,0.46286050571207354,0.02818584442138672,0.2837337890625,0,0,1,1,1,1,1,1
covariate_shift_strong,1,False,fire,0.853139165734447,0.835731383838462,0.01740778189598502,,,0.7273552417755127,3.3053129741542477,5.890476799335292,0.685314743013802,0.06367945671081543,0.4055043457031251,0,0,1,1,1,1,1,1
concept_drift_no_covariate_shift,1,True,quiet,0.853139165734447,0.522488910623442,0.330650255111005,,,0.027048230171203613,0.012743337574747729,0.2539719897783066,0.05897114822179077,-9.85264778137207e-05,0.0071653808593750146,1,0,0,0,0,0,0,0
imputation_masked_null,1,True,quiet,0.853139165734447,0.7852742782915278,0.06786488744291919,,,0.028056621551513672,0.012743337574747729,0.5416018536350496,0.05897114822179077,0.006311535835266113,0.49979755859374986,1,0,0,0,0,0,1,1
imputation_visible,1,True,unknown,0.853139165734447,0.7868440686290483,0.06629509710539871,,,0.4487000107765198,3.7768493569465336,5.555799999999998,0.7898981386814194,0.006372809410095215,0.4997947265625,1,0,1,1,1,1,1,1
dilution_shift,1,True,quiet,0.853139165734447,0.8451560486535258,0.007983117080921254,0.21227470541210747,0.40902872777017785,0.04596346616744995,0.034163706653258276,2.7321672453284274,0.07286934743319196,-7.033348083496094e-06,0.021587597656249957,0,1,1,1,1,1,0,1
dilution_permuted,1,True,quiet,0.853139165734447,0.8491389705500758,0.004000195184371225,0.375143181728511,0.40902872777017785,0.027048230171203613,0.012743337574747729,0.2539719897783066,0.05897114822179077,-6.341934204101562e-05,0.026113574218749935,0,1,0,0,0,0,0,1
irrelevant_feature_drift,1,False,fire,0.853139165734447,0.8555720475301121,-0.0024328817956650317,,,1.0,17.506962051236936,122.8657836261649,0.9093692014456586,0.6363688707351685,0.5,0,0,1,1,1,1,1,1
sudden_shift,1,True,fire,0.853139165734447,0.707077470890742,0.14606169484370501,,,0.4619917571544647,6.479777993646347,23.41634198599298,0.8344012053177257,0.01269608736038208,0.49995859374999996,1,0,1,1,1,1,1,1
gradual_shift,1,True,unknown,0.853139165734447,0.7569060942141141,0.09623307152033289,,,0.4324415922164917,4.75384523947906,5.38818197160969,0.7368669808453631,-6.347894668579102e-05,0.4998068359375001,1,0,1,1,1,1,0,1
true_null,2,False,quiet,0.8500207425961388,0.8667202716809216,-0.016699529084782783,,,0.02632927894592285,0.009352684596846081,0.500399999999991,0.07271148972443328,-0.00011819601058959961,0.0060753906249999545,0,0,0,0,0,1,0,0
covariate_shift_mild,2,False,fire,0.8500207425961388,0.856993212493661,-0.006972469897522204,,,0.2542790472507477,0.2928689297182292,1.2852810764785276,0.23133419863108157,0.00689697265625,0.149494091796875,0,0,1,1,1,1,1,1
covariate_shift_moderate,2,False,fire,0.8500207425961388,0.8537590845581617,-0.0037383419620229397,,,0.5193426012992859,1.2250851512325602,3.1824721940743346,0.4625473465858011,0.03180384635925293,0.28692685546874996,0,0,1,1,1,1,1,1
covariate_shift_strong,2,False,fire,0.8500207425961388,0.841249609705947,0.008771132890191824,,,0.7267673015594482,3.3136422200961038,6.348067036902035,0.6862361405381092,0.06695961952209473,0.41213559570312486,0,0,1,1,1,1,1,1
concept_drift_no_covariate_shift,2,True,quiet,0.8500207425961388,0.5196930143700347,0.3303277282261041,,,0.02632927894592285,0.009352684596846081,0.500399999999991,0.07271148972443328,-0.00011819601058959961,0.0060753906249999545,1,0,0,0,0,1,0,0
imputation_masked_null,2,True,quiet,0.8500207425961388,0.8069781044800829,0.04304263811605591,,,0.02632927894592285,0.009352684596846081,1.2038418604651269,0.07271148972443328,0.00517350435256958,0.49980439453125003,1,0,0,0,1,1,1,1
imputation_visible,2,True,unknown,0.8500207425961388,0.8068438632130245,0.04317687938311432,,,0.45045000314712524,3.7212400063798188,4.896800000000017,0.7906265984206176,0.005093753337860107,0.4996263671875,1,0,1,1,1,1,1,1
dilution_shift,2,True,quiet,0.8500207425961388,0.8594847504520936,-0.009464007855954804,0.14691912445248412,0.415041782729805,0.0466192290186882,0.23918291414246365,3.3591952297136096,0.15373709010302677,-1.2576580047607422e-05,0.02820981445312498,0,1,1,1,1,1,0,1
dilution_permuted,2,True,quiet,0.8500207425961388,0.8594745658846171,-0.009453823288478325,0.34585018805531087,0.415041782729805,0.02632927894592285,0.009352684596846081,0.500399999999991,0.07271148972443328,-6.16908073425293e-05,0.016017138671875042,0,1,0,0,0,1,0,1
irrelevant_feature_drift,2,False,fire,0.8500207425961388,0.8667202716809216,-0.016699529084782783,,,1.0,17.571228926827914,3.5591263509616593,0.9241038087572665,0.6268629431724548,0.5,0,0,1,1,1,1,1,1
sudden_shift,2,True,fire,0.8500207425961388,0.7231899567740954,0.12683078582204343,,,0.4711500108242035,6.573645922929337,22.803059883022065,0.8401190524329181,0.013103783130645752,0.4999451171875,1,0,1,1,1,1,1,1
gradual_shift,2,True,unknown,0.8500207425961388,0.7743340376334935,0.07568670496264529,,,0.4362500011920929,4.775094836742551,5.4894861702585995,0.7289462815061434,-0.00011110305786132812,0.49976318359374994,1,0,1,1,1,1,0,1
true_null,3,False,quiet,0.8432304730173532,0.8618643868312477,-0.018633913813894454,,,0.030955106019973755,0.014927463460760862,0.41369999999998575,0.05894762104521459,0.00018298625946044922,-0.00568105468750002,0,0,0,0,0,0,0,0
covariate_shift_mild,3,False,fire,0.8432304730173532,0.8646845759702231,-0.02145410295286987,,,0.2732325494289398,0.3371330865328386,1.5877335583477497,0.24833229366840792,0.007578849792480469,0.1655654296875,0,0,1,1,1,1,1,1
covariate_shift_moderate,3,False,fire,0.8432304730173532,0.8620443758920247,-0.01881390287467144,,,0.5201815366744995,1.2457480201655082,3.3726262927801205,0.4647277216490754,0.031980812549591064,0.28723295898437495,0,0,1,1,1,1,1,1
covariate_shift_strong,3,False,fire,0.8432304730173532,0.8366676444443553,0.006562828572997947,,,0.7304033637046814,3.3509365220577685,6.696182290012388,0.6885784033661491,0.06537240743637085,0.413458740234375,0,0,1,1,1,1,1,1
concept_drift_no_covariate_shift,3,True,quiet,0.8432304730173532,0.5156989601490187,0.3275315128683345,,,0.030955106019973755,0.014927463460760862,0.41369999999998575,0.05894762104521459,0.00018298625946044922,-0.00568105468750002,1,0,0,0,0,0,0,0
imputation_masked_null,3,True,quiet,0.8432304730173532,0.8039978726867845,0.039232600330568745,,,0.030955106019973755,0.014927463460760862,0.4142399659035636,0.05894762104521459,0.006532609462738037,0.49982734375000004,1,0,0,0,0,0,1,1
imputation_visible,3,True,unknown,0.8432304730173532,0.8050518158593596,0.03817865715799362,,,0.4491499960422516,3.7777309250869453,2.504025000000014,0.7927512359808422,0.006501674652099609,0.4999093750000001,1,0,1,1,1,1,1,1
dilution_shift,3,True,quiet,0.8432304730173532,0.8522496457786688,-0.009019172761315586,0.21424205302216048,0.42213114754098363,0.04503079503774643,0.2285542762169162,2.129451153299202,0.14888427202833185,7.158517837524414e-05,0.011848193359375037,0,1,1,1,1,1,0,0
dilution_permuted,3,True,quiet,0.8432304730173532,0.8542590506527996,-0.011028577635446402,0.4170023150357505,0.42213114754098363,0.030955106019973755,0.014927463460760862,0.41369999999998575,0.05894762104521459,7.283687591552734e-05,0.009717480468749984,0,1,0,0,0,0,0,0
irrelevant_feature_drift,3,False,fire,0.8432304730173532,0.8618643868312477,-0.018633913813894454,,,1.0,17.81593313516518,99.9749766553191,0.9205982795795994,0.6814894080162048,0.5,0,0,1,1,1,1,1,1
sudden_shift,3,True,fire,0.8432304730173532,0.7229745289622024,0.12025594405515083,,,0.45695000886917114,6.279567672443233,16.65380794521666,0.823757147167706,0.009998500347137451,0.4999147460937501,1,0,1,1,1,1,1,1
gradual_shift,3,True,unknown,0.8432304730173532,0.7690040878673097,0.07422638515004354,,,0.4368741512298584,4.686029757469625,3.9590961367612136,0.7182948688640434,1.71661376953125e-05,0.49977138671875,1,0,1,1,1,1,0,1
true_null,4,False,quiet,0.8453614536189263,0.8478529852466575,-0.0024915316277311916,,,0.025130748748779297,0.007298544305571761,0.8009000000000499,0.05061344156364436,6.461143493652344e-05,0.015159228515625012,0,0,0,0,1,0,0,1
covariate_shift_mild,4,False,fire,0.8453614536189263,0.8511253826061368,-0.005763928987210454,,,0.2713760435581207,0.3455586417866521,1.4243890807170108,0.24960325201102748,0.007340967655181885,0.15122617187499998,0,0,1,1,1,1,1,1
covariate_shift_moderate,4,False,fire,0.8453614536189263,0.8348620705772377,0.010499383041688626,,,0.5213997960090637,1.2764071355257705,3.1714783765045653,0.46720805193034637,0.028416037559509277,0.2945609375,0,0,1,1,1,1,1,1
covariate_shift_strong,4,False,fire,0.8453614536189263,0.8333395995328833,0.01202185408604306,,,0.7302360534667969,3.4002707226885467,5.721801918125448,0.6898449013748582,0.06355178356170654,0.4103826171875,0,0,1,1,1,1,1,1
concept_drift_no_covariate_shift,4,True,quiet,0.8453614536189263,0.520099894949248,0.3252615586696783,,,0.025130748748779297,0.007298544305571761,0.8009000000000499,0.05061344156364436,6.461143493652344e-05,0.015159228515625012,1,0,0,0,1,0,0,1
imputation_masked_null,4,True,quiet,0.8453614536189263,0.7896194602927616,0.055741993326164696,,,0.025130748748779297,0.007298544305571761,0.9433666666666719,0.05061344156364436,0.0074356794357299805,0.4997390625,1,0,0,0,1,0,1,1
imputation_visible,4,True,unknown,0.8453614536189263,0.7873062903411711,0.058055163277755284,,,0.4492499828338623,3.760861796533896,5.5478500000000075,0.7889347175702283,0.00751882791519165,0.49956796875,1,0,1,1,1,1,1,1
dilution_shift,4,True,quiet,0.8453614536189263,0.8352735275472568,0.010087926071669528,0.1687039142194311,0.3888888888888889,0.04801361262798309,0.2468461390120117,2.2998445627317112,0.15668406677201366,-8.690357208251953e-05,0.033692871093749965,0,1,1,1,1,1,0,1
dilution_permuted,4,True,quiet,0.8453614536189263,0.8402429835177502,0.005118470101176165,0.3246525749337168,0.3888888888888889,0.025130748748779297,0.007298544305571761,0.8009000000000499,0.05061344156364436,-4.827976226806641e-06,0.021281591796875055,0,1,0,0,1,0,0,1
irrelevant_feature_drift,4,False,fire,0.8453614536189263,0.8478529852466575,-0.0024915316277311916,,,1.0,17.33017194028325,4.254980896059068,0.9246261554455154,0.6892665028572083,0.5,0,0,1,1,1,1,1,1
sudden_shift,4,True,fire,0.8453614536189263,0.699452872867681,0.14590858075124535,,,0.46389999985694885,6.3273046334086045,18.658625251534467,0.8159389822787794,0.006724298000335693,0.4998787109375,1,0,1,1,1,1,1,1
gradual_shift,4,True,unknown,0.8453614536189263,0.7464600622406639,0.09890139137826248,,,0.4400715231895447,4.606510555369921,4.639884295238533,0.7090197587215534,-0.0001270771026611328,0.49970478515625005,1,0,1,1,1,1,0,1
true_null,5,False,quiet,0.857698654060869,0.8553846002039549,0.002314053856914078,,,0.02812981605529785,0.008288698770852872,0.4626499999999845,0.0565927189823619,0.0001494884490966797,0.003460742187500032,0,0,0,0,0,0,0,0
covariate_shift_mild,5,False,fire,0.857698654060869,0.8538469022668159,0.00385175179405306,,,0.27774134278297424,0.34520264477188245,1.326162207402432,0.2515475910262964,0.008403897285461426,0.15025751953125,0,0,1,1,1,1,1,1
covariate_shift_moderate,5,False,fire,0.857698654060869,0.8065763348062862,0.05112231925458277,,,0.5229446291923523,1.2402267857281069,3.173215098436293,0.46531342416677424,0.03275483846664429,0.288471533203125,1,0,1,1,1,1,1,1
covariate_shift_strong,5,False,fire,0.857698654060869,0.8216108284386108,0.03608782562225821,,,0.7318575382232666,3.4112764601734544,6.007573706049357,0.6913071019392896,0.06990957260131836,0.40274282226562497,1,0,1,1,1,1,1,1
concept_drift_no_covariate_shift,5,True,quiet,0.857698654060869,0.514165847538862,0.343532806522007,,,0.02812981605529785,0.008288698770852872,0.4626499999999845,0.0565927189823619,0.0001494884490966797,0.003460742187500032,1,0,0,0,0,0,0,0
imputation_masked_null,5,True,quiet,0.857698654060869,0.7867205885522703,0.07097806550859864,,,0.02812981605529785,0.009969511218337331,0.4626499999999845,0.0565927189823619,0.00423198938369751,0.49986865234375,1,0,0,0,0,0,1,1
imputation_visible,5,True,unknown,0.857698654060869,0.7889314875688587,0.06876716649201031,,,0.44724997878074646,3.7817910718703605,2.496800000000007,0.7927119189803754,0.004362702369689941,0.49987138671875,1,0,1,1,1,1,1,1
dilution_shift,5,True,quiet,0.857698654060869,0.8479911663413449,0.009707487719524122,0.1881404870655744,0.40161725067385445,0.04574406519532204,0.04782151439505682,2.118282279833769,0.08299958148595413,0.0002562403678894043,0.030947265625000053,0,1,1,1,1,1,0,1
dilution_permuted,5,True,quiet,0.857698654060869,0.8490122003415669,0.0086864537193021,0.39034947413166626,0.40161725067385445,0.02812981605529785,0.008288698770852872,0.4626499999999845,0.0565927189823619,0.000141143798828125,0.014283935546874904,0,1,0,0,0,0,0,1
irrelevant_feature_drift,5,False,fire,0.857698654060869,0.8553846002039549,0.002314053856914078,,,1.0,17.654879716781053,341.40300476145535,0.9132987138831345,0.9765011072158813,0.5,0,0,1,1,1,1,1,1
sudden_shift,5,True,fire,0.857698654060869,0.7114539020294433,0.14624475203142573,,,0.4575999975204468,6.417003262411473,16.125825510366727,0.827023078063735,0.013596594333648682,0.49997470703125,1,0,1,1,1,1,1,1
gradual_shift,5,True,unknown,0.857698654060869,0.7591664919455183,0.09853216211535065,,,0.43615907430648804,4.622121501061762,3.909510499206098,0.7101915954231155,0.0003312826156616211,0.4997358398437499,1,0,1,1,1,1,0,1
true_null,6,False,quiet,0.8524804243495833,0.8487238663263929,0.003756558023190415,,,0.025197923183441162,0.008974976798178012,0.3395999999999763,0.05235651403194702,4.488229751586914e-05,-0.012824707031250049,0,0,0,0,0,0,0,0
covariate_shift_mild,6,False,fire,0.8524804243495833,0.8473760480281545,0.005104376321428794,,,0.26710718870162964,0.32528238218986744,1.293646890290986,0.2433575497796974,0.0074617862701416016,0.16817124023437502,0,0,1,1,1,1,1,1
covariate_shift_moderate,6,False,fire,0.8524804243495833,0.8367871800480284,0.015693244301554832,,,0.520257294178009,1.2388419190415907,3.570951060483216,0.4631803967327597,0.03143984079360962,0.2929475097656249,0,0,1,1,1,1,1,1
covariate_shift_strong,6,False,fire,0.8524804243495833,0.8255216146952764,0.02695880965430686,,,0.7314359545707703,3.447320261969675,7.012471710370302,0.6894786503855908,0.06975573301315308,0.41352714843750005,1,0,1,1,1,1,1,1
concept_drift_no_covariate_shift,6,True,quiet,0.8524804243495833,0.5157707434387157,0.3367096809108676,,,0.025197923183441162,0.008974976798178012,0.3395999999999763,0.05235651403194702,4.488229751586914e-05,-0.012824707031250049,1,0,0,0,0,0,0,0
imputation_masked_null,6,True,quiet,0.8524804243495833,0.7897599718492085,0.06272045250037472,,,0.025197923183441162,0.008974976798178012,0.7969694789081965,0.05235651403194702,0.00560915470123291,0.49980732421874996,1,0,0,0,1,0,1,1
imputation_visible,6,True,unknown,0.8524804243495833,0.7913598396257935,0.061120584723789784,,,0.44995445013046265,3.7763601448607376,5.360650000000025,0.7949192040153436,0.005655407905578613,0.49970927734375004,1,0,1,1,1,1,1,1
dilution_shift,6,True,quiet,0.8524804243495833,0.8426776307838859,0.009802793565697354,0.11550004820817661,0.3972602739726027,0.03993948549032211,0.04344043870694474,2.9909282045975183,0.07896519164539327,0.00016862154006958008,0.018423144531249935,0,1,0,1,1,1,0,1
dilution_permuted,6,True,quiet,0.8524804243495833,0.8404413489631838,0.012039075386399478,0.3904722395318695,0.3972602739726027,0.025197923183441162,0.008974976798178012,0.3395999999999763,0.05235651403194702,0.0001099705696105957,0.006446337890624987,0,1,0,0,0,0,0,0
irrelevant_feature_drift,6,False,fire,0.8524804243495833,0.8487238663263929,0.003756558023190415,,,1.0,18.41648412574351,4.320632590944131,0.9073463224059826,0.6924412846565247,0.5,0,0,1,1,1,1,1,1
sudden_shift,6,True,fire,0.8524804243495833,0.7015427486830975,0.15093767566648575,,,0.4684000015258789,6.669574299879845,22.903407276394383,0.8345216228165522,0.012717783451080322,0.499933203125,1,0,1,1,1,1,1,1
gradual_shift,6,True,unknown,0.8524804243495833,0.7537472542315047,0.09873317011807858,,,0.4442000091075897,4.96475675511527,5.278860979621994,0.7363162284669864,0.0001696944236755371,0.4996899414062501,1,0,1,1,1,1,0,1
true_null,7,False,quiet,0.846139378215241,0.8623651641063191,-0.01622578589107815,,,0.025060534477233887,0.004723901579099004,0.23389999999999858,0.05961586939938419,0.0001372694969177246,0.0012952636718750465,0,0,0,0,0,0,0,0
covariate_shift_mild,7,False,fire,0.846139378215241,0.8494169550671594,-0.003277576851918429,,,0.26879799365997314,0.32248109138112246,1.3090292647169426,0.2445271947778413,0.00824815034866333,0.14521621093749992,0,0,1,1,1,1,1,1
covariate_shift_moderate,7,False,fire,0.846139378215241,0.8293225569414905,0.016816821273750504,,,0.5180955529212952,1.2279803475151252,3.12227780563279,0.46231601973414715,0.02977597713470459,0.288217724609375,0,0,1,1,1,1,1,1
covariate_shift_strong,7,False,fire,0.846139378215241,0.8163115776158698,0.02982780059937118,,,0.7312555909156799,3.415688178681502,5.745628309981662,0.6897650059141698,0.06724745035171509,0.403326611328125,1,0,1,1,1,1,1,1
concept_drift_no_covariate_shift,7,True,quiet,0.846139378215241,0.519985715476833,0.32615366273840796,,,0.025060534477233887,0.004723901579099004,0.23389999999999858,0.05961586939938419,0.0001372694969177246,0.0012952636718750465,1,0,0,0,0,0,0,0
imputation_masked_null,7,True,quiet,0.846139378215241,0.8052260238428673,0.040913354372373645,,,0.02586624026298523,0.007723052674583774,1.4748634239389695,0.05961586939938419,0.004740118980407715,0.49993310546875,1,0,0,0,1,0,1,1
imputation_visible,7,True,unknown,0.846139378215241,0.8072446346439565,0.03889474357128453,,,0.4482499957084656,3.7929233068288335,5.385850000000014,0.7961706520390083,0.004616856575012207,0.49989609375,1,0,1,1,1,1,1,1
dilution_shift,7,True,quiet,0.846139378215241,0.8516025335712407,-0.005463155355999727,0.2102284402289727,0.4232876712328767,0.04305514693260193,0.04760606382852995,2.8825609594583477,0.08085464925129872,0.00036203861236572266,0.030678222656249976,0,1,0,1,1,1,0,1
dilution_permuted,7,True,quiet,0.846139378215241,0.8557954375813068,-0.009656059366065839,0.39476118636716373,0.4232876712328767,0.025060534477233887,0.004723901579099004,0.23389999999999858,0.05961586939938419,0.0002911090850830078,0.01624970703125006,0,1,0,0,0,0,0,1
irrelevant_feature_drift,7,False,fire,0.846139378215241,0.8623651641063191,-0.01622578589107815,,,1.0,17.72325507891704,5.688928955730505,0.9208145367701847,0.7878223657608032,0.5,0,0,1,1,1,1,1,1
sudden_shift,7,True,fire,0.846139378215241,0.7271803712207917,0.11895900699444928,,,0.4631499946117401,6.698890417895008,21.875862398531602,0.8349419400369332,0.011486470699310303,0.49986259765624996,1,0,1,1,1,1,1,1
gradual_shift,7,True,unknown,0.846139378215241,0.7725511299414947,0.07358824827374633,,,0.4491242468357086,4.971294507569273,5.049686432372483,0.7252001313142538,0.0002506375312805176,0.4997169921875001,1,0,1,1,1,1,0,1
true_null,8,False,quiet,0.8596763540266606,0.8729343126211578,-0.013257958594497188,,,0.028858423233032227,0.013509173870603304,0.390398638030174,0.06271587289553186,0.00035256147384643555,0.0012820800781250252,0,0,0,0,0,0,0,0
covariate_shift_mild,8,False,fire,0.8596763540266606,0.8662959113240996,-0.006619557297438905,,,0.2653387486934662,0.32653271097529013,1.5810441628388094,0.2436430925539486,0.008616149425506592,0.1598368652343749,0,0,1,1,1,1,1,1
covariate_shift_moderate,8,False,fire,0.8596763540266606,0.8514051471603236,0.008271206866337089,,,0.5215471982955933,1.2393674848761655,3.427990855895741,0.46531644243309944,0.03424566984176636,0.29156157226562496,0,0,1,1,1,1,1,1
covariate_shift_strong,8,False,fire,0.8596763540266606,0.8402836325849394,0.019392721441721217,,,0.7317252159118652,3.444370533078126,5.845600468728754,0.6893761622565149,0.07292670011520386,0.41360991210937503,0,0,1,1,1,1,1,1
concept_drift_no_covariate_shift,8,True,quiet,0.8596763540266606,0.5182473585974575,0.34142899542920313,,,0.028858423233032227,0.013509173870603304,0.390398638030174,0.06271587289553186,0.00035256147384643555,0.0012820800781250252,1,0,0,0,0,0,0,0
imputation_masked_null,8,True,quiet,0.8596763540266606,0.8044673805749664,0.05520897345169429,,,0.03186856210231781,0.013509173870603304,0.390398638030174,0.06271587289553186,0.0068550705909729,0.499883203125,1,0,0,0,0,0,1,1
imputation_visible,8,True,unknown,0.8596763540266606,0.80878185361312,0.0508945004135406,,,0.4480000138282776,3.8099977494552917,2.6854750000000056,0.7915711198549427,0.006884276866912842,0.4999009765624999,1,0,1,1,1,1,1,1
dilution_shift,8,True,quiet,0.8596763540266606,0.8658915273933853,-0.006215173366724613,0.11338624338624348,0.4117647058823529,0.04480712115764618,0.038911548909393814,2.086368759194525,0.07626043674874333,0.0002557039260864258,0.02185122070312495,0,1,1,1,1,1,0,1
dilution_permuted,8,True,quiet,0.8596763540266606,0.8670311982344275,-0.007354844207766886,0.3070815928710666,0.4117647058823529,0.028858423233032227,0.013509173870603304,0.390398638030174,0.06271587289553186,0.0002778172492980957,0.012455615234374995,0,1,0,0,0,0,0,0
irrelevant_feature_drift,8,False,fire,0.8596763540266606,0.8729343126211578,-0.013257958594497188,,,1.0,17.68992708521485,3.7668621877558306,0.9221175833316265,0.7026118636131287,0.5,0,0,1,1,1,1,1,1
sudden_shift,8,True,fire,0.8596763540266606,0.7167309727807596,0.14294538124590106,,,0.4653500020503998,6.4351833854797444,17.752381019336422,0.83027269984395,0.011034905910491943,0.49993046875,1,0,1,1,1,1,1,1
gradual_shift,8,True,unknown,0.8596763540266606,0.755859331862023,0.10381702216463762,,,0.43449997901916504,4.723374425085941,4.1770791561530505,0.7248376005819519,0.0002390146255493164,0.4997364257812499,1,0,1,1,1,1,0,1
true_null,9,False,quiet,0.856912891334693,0.8574656519330224,-0.000552760598329427,,,0.024586856365203857,0.009940694375980505,0.7533499999999802,0.05529869871378729,0.00024378299713134766,-0.002314306640625041,0,0,0,0,0,0,0,0
covariate_shift_mild,9,False,fire,0.856912891334693,0.8549453819775673,0.001967509357125641,,,0.263834685087204,0.3228439063024433,1.6446829643694885,0.24229611590530087,0.007715165615081787,0.13950039062499997,0,0,1,1,1,1,1,1
covariate_shift_moderate,9,False,fire,0.856912891334693,0.828935389624972,0.02797750170972091,,,0.5250945091247559,1.2712250843432868,3.6829894271507464,0.46812676900744365,0.03485429286956787,0.291127880859375,1,0,1,1,1,1,1,1
covariate_shift_strong,9,False,fire,0.856912891334693,0.7872053340406483,0.06970755729404465,,,0.7355709671974182,3.519973065515627,7.285259564037123,0.6927555302982974,0.07022911310195923,0.4074327148437501,1,0,1,1,1,1,1,1
concept_drift_no_covariate_shift,9,True,quiet,0.856912891334693,0.5065329275058305,0.3503799638288625,,,0.024586856365203857,0.009940694375980505,0.7533499999999802,0.05529869871378729,0.00024378299713134766,-0.002314306640625041,1,0,0,0,0,0,0,0
imputation_masked_null,9,True,quiet,0.856912891334693,0.7930194994764816,0.0638933918582113,,,0.030105173587799072,0.009940694375980505,0.7533499999999802,0.05529869871378729,0.005154788494110107,0.49963447265624994,1,0,0,0,0,0,1,1
imputation_visible,9,True,unknown,0.856912891334693,0.7947596950790399,0.062153196255653076,,,0.45295000076293945,3.7562343371592983,2.4849000000000094,0.7988804824028707,0.005146443843841553,0.49992763671874996,1,0,1,1,1,1,1,1
dilution_shift,9,True,quiet,0.856912891334693,0.8512683396743634,0.005644551660329511,0.18744191441559876,0.4010840108401084,0.06195547431707382,0.043839148933796326,2.6102533877022447,0.08709105819282977,0.0004442930221557617,0.01714497070312504,0,1,1,1,1,1,0,1
dilution_permuted,9,True,quiet,0.856912891334693,0.8498053443051304,0.007107547029562511,0.38542155524063426,0.4010840108401084,0.024586856365203857,0.009940694375980505,0.7533499999999802,0.05529869871378729,0.0003406405448913574,0.003243652343750014,0,1,0,0,0,0,0,0
irrelevant_feature_drift,9,False,fire,0.856912891334693,0.8574656519330224,-0.000552760598329427,,,1.0,18.55267122462141,341.48204225784286,0.9212781233826319,0.9492037296295166,0.5,0,0,1,1,1,1,1,1
sudden_shift,9,True,fire,0.856912891334693,0.7173301182186362,0.1395827731160567,,,0.46719998121261597,6.742616866204279,17.781632335903545,0.8366403298713841,0.014530777931213379,0.49989628906249994,1,0,1,1,1,1,1,1
gradual_shift,9,True,unknown,0.856912891334693,0.7594319832721741,0.09748090806251886,,,0.449377179145813,4.913349936456871,4.476372898743472,0.7226551551274824,0.00032013654708862305,0.49973291015625,1,0,1,1,1,1,0,1
true_null,10,False,quiet,0.865273884029773,0.8673095320424159,-0.0020356480126428877,,,0.025278687477111816,0.006219420908146573,0.5401000000000493,0.062448013162529015,-0.00021338462829589844,0.0034345214843749527,0,0,0,0,0,0,0,0
covariate_shift_mild,10,False,fire,0.865273884029773,0.8565135749403032,0.008760309089469787,,,0.2684367299079895,0.32546889417968894,1.3929784660198445,0.24426910320984846,0.00663447380065918,0.15495712890625002,0,0,1,1,1,1,1,1
covariate_shift_moderate,10,False,fire,0.865273884029773,0.856094178140117,0.009179705889655998,,,0.5242496132850647,1.254910237427853,3.394961233589657,0.46693313745603127,0.02805197238922119,0.29066235351562497,0,0,1,1,1,1,1,1
covariate_shift_strong,10,False,fire,0.865273884029773,0.7964227008203786,0.06885118320939443,,,0.7316544055938721,3.4136031007717396,6.17613562056746,0.68987375290954,0.06531965732574463,0.4082530761718749,1,0,1,1,1,1,1,1
concept_drift_no_covariate_shift,10,True,quiet,0.865273884029773,0.5115173978424818,0.35375648618729116,,,0.025278687477111816,0.006219420908146573,0.5401000000000493,0.062448013162529015,-0.00021338462829589844,0.0034345214843749527,1,0,0,0,0,0,0,0
imputation_masked_null,10,True,quiet,0.865273884029773,0.8051203391539881,0.06015354487578495,,,0.025278687477111816,0.006965744903180573,0.5401000000000493,0.062448013162529015,0.004455089569091797,0.4998717773437499,1,0,0,0,0,0,1,1
imputation_visible,10,True,unknown,0.865273884029773,0.8014022158828953,0.06387166814687772,,,0.4494999945163727,3.754420212162241,5.129499999999982,0.7931977581246219,0.004485368728637695,0.49987949218750005,1,0,1,1,1,1,1,1
dilution_shift,10,True,quiet,0.865273884029773,0.8639003428999538,0.0013735411298192446,0.20622308931250544,0.4152777777777778,0.045589104294776917,0.038454032604786914,2.821392411309508,0.0749792944757692,-0.0003020763397216797,0.02648745117187501,0,1,1,1,1,1,0,1
dilution_permuted,10,True,quiet,0.865273884029773,0.8590179806362381,0.0062559033935348785,0.39666964982984443,0.4152777777777778,0.025278687477111816,0.006219420908146573,0.5401000000000493,0.062448013162529015,-0.0002703070640563965,0.019388623046875053,0,1,0,0,0,0,0,1
irrelevant_feature_drift,10,False,fire,0.865273884029773,0.8673095320424159,-0.0020356480126428877,,,1.0,18.400238887191428,170.87277075198733,0.9160861880994461,0.9598493576049805,0.5,0,0,1,1,1,1,1,1
sudden_shift,10,True,fire,0.865273884029773,0.7171934071000462,0.1480804769297268,,,0.46310001611709595,6.349146631022113,21.828609433477702,0.8275977501418149,0.011188507080078125,0.4999234374999999,1,0,1,1,1,1,1,1
gradual_shift,10,True,unknown,0.865273884029773,0.7672155227063163,0.09805836132345669,,,0.43209999799728394,4.6825577389433315,5.159964298614726,0.7263441090412847,-0.00020873546600341797,0.4997265624999999,1,0,1,1,1,1,0,1
true_null,11,False,quiet,0.8677777889566636,0.8405857438508735,0.027192045105790097,,,0.029572248458862305,0.012002722704581213,0.8736000000000457,0.05879141662006342,0.0012227296829223633,0.0026215820312500693,1,0,0,0,1,0,1,0
covariate_shift_mild,11,False,fire,0.8677777889566636,0.8404640710880151,0.027313717868648446,,,0.2735494077205658,0.33581738690311447,1.2872999826404845,0.24887857575847336,0.007364034652709961,0.15114838867187508,1,0,1,1,1,1,1,1
covariate_shift_moderate,11,False,fire,0.8677777889566636,0.8073083063694633,0.06046948258720031,,,0.5268211364746094,1.2680346995970662,3.54751428153212,0.4696842335945143,0.03519636392593384,0.2922773925781249,1,0,1,1,1,1,1,1
covariate_shift_strong,11,False,fire,0.8677777889566636,0.7686983976818651,0.09907939127479848,,,0.7348083257675171,3.434156406743873,6.609256115198389,0.691274528901242,0.07048022747039795,0.41466430664062504,1,0,1,1,1,1,1,1
concept_drift_no_covariate_shift,11,True,quiet,0.8677777889566636,0.5200663940551951,0.3477113949014685,,,0.029572248458862305,0.012002722704581213,0.8736000000000457,0.05879141662006342,0.0012227296829223633,0.0026215820312500693,1,0,0,0,1,0,1,0
imputation_masked_null,11,True,quiet,0.8677777889566636,0.7807185505734482,0.08705923838321539,,,0.029572248458862305,0.012002722704581213,0.9715009708737831,0.05879141662006342,0.009268343448638916,0.49976533203125006,1,0,0,0,1,0,1,1
imputation_visible,11,True,unknown,0.8677777889566636,0.7770954488588286,0.09068234009783493,,,0.4465999901294708,3.7295476601799176,5.38035000000001,0.787204774692405,0.009296655654907227,0.49980478515624993,1,0,1,1,1,1,1,1
dilution_shift,11,True,quiet,0.8677777889566636,0.8325869222960622,0.03519086666060134,0.22905072463768128,0.40053404539385845,0.04508884251117706,0.03232847534266985,2.0142623244211335,0.07010114390597007,0.0008491277694702148,0.02504443359374997,1,1,1,1,1,0,1,1
dilution_permuted,11,True,quiet,0.8677777889566636,0.8345651456110095,0.0332126433456541,0.40408405797101454,0.40053404539385845,0.029572248458862305,0.012002722704581213,0.8736000000000457,0.05879141662006342,0.0009865760803222656,0.013198339843749962,1,1,0,0,1,0,1,0
irrelevant_feature_drift,11,False,fire,0.8677777889566636,0.8405857438508735,0.027192045105790097,,,1.0,17.479724648750178,424.2676008365568,0.9235666892024805,1.2856464385986328,0.5,1,0,1,1,1,1,1,1
sudden_shift,11,True,fire,0.8677777889566636,0.7067485059122343,0.16102928304442932,,,0.46755000948905945,6.023804554634333,18.144067920676985,0.8152299030407959,0.006967127323150635,0.49991845703125004,1,0,1,1,1,1,1,1
gradual_shift,11,True,unknown,0.8677777889566636,0.7441384107176927,0.12363937823897087,,,0.42800000309944153,4.225928943032342,4.47212916224872,0.7001567665937611,0.0009278655052185059,0.49983085937500005,1,0,1,1,1,1,1,1
true_null,12,False,quiet,0.846408731070732,0.8541937283607967,-0.007784997290064655,,,0.033205389976501465,0.009266352179767972,0.24577269792605216,0.06063414841171046,0.0003859400749206543,0.009143847656249982,0,0,0,0,0,0,0,0
covariate_shift_mild,12,False,fire,0.846408731070732,0.8638534205335825,-0.017444689462850493,,,0.26546043157577515,0.3249667672852183,1.2148669262289828,0.24297465481947408,0.00783008337020874,0.1524613769531249,0,0,1,1,1,1,1,1
covariate_shift_moderate,12,False,fire,0.846408731070732,0.84926555730356,-0.0028568262328280136,,,0.5189405679702759,1.2333187018163132,3.283928495169768,0.4625228645256094,0.029878079891204834,0.29482734374999997,0,0,1,1,1,1,1,1
covariate_shift_strong,12,False,fire,0.846408731070732,0.8152500829094818,0.031158648161250246,,,0.728882908821106,3.3830164551532773,6.356734109952995,0.6885776150382484,0.06125253438949585,0.406196875,1,0,1,1,1,1,1,1
concept_drift_no_covariate_shift,12,True,quiet,0.846408731070732,0.5173464355852557,0.3290622954854763,,,0.033205389976501465,0.009266352179767972,0.24577269792605216,0.06063414841171046,0.0003859400749206543,0.009143847656249982,1,0,0,0,0,0,0,0
imputation_masked_null,12,True,quiet,0.846408731070732,0.7982394141149842,0.048169316955747776,,,0.033205389976501465,0.010446740705389986,0.2802219582704821,0.06063414841171046,0.007608771324157715,0.4996814453125,1,0,0,0,0,0,1,1
imputation_visible,12,True,unknown,0.846408731070732,0.7968165807719403,0.049592150298791715,,,0.4513999819755554,3.766992544059647,2.55172500000001,0.79377503986045,0.007975339889526367,0.49988310546875003,1,0,1,1,1,1,1,1
dilution_shift,12,True,quiet,0.846408731070732,0.8463593524614622,4.93786092697901e-05,0.16125916996794698,0.39591836734693875,0.044790707528591156,0.03277549909283172,2.1373769639678217,0.07153120076656483,1.1444091796875e-05,0.03025659179687501,0,1,1,1,1,0,0,1
dilution_permuted,12,True,quiet,0.846408731070732,0.8489460461059585,-0.002537315035226473,0.36586553792132726,0.39591836734693875,0.033205389976501465,0.009266352179767972,0.24577269792605216,0.06063414841171046,7.587671279907227e-05,0.024458544921875047,0,1,0,0,0,0,0,1
irrelevant_feature_drift,12,False,fire,0.846408731070732,0.8541937283607967,-0.007784997290064655,,,1.0,17.61108296661834,424.2676008365568,0.9157957296257857,1.2587814331054688,0.5,0,0,1,1,1,1,1,1
sudden_shift,12,True,fire,0.846408731070732,0.7338517031520628,0.11255702791866917,,,0.4630500078201294,6.261735048244033,17.734234819219175,0.8293861562388363,0.008630990982055664,0.49996699218749996,1,0,1,1,1,1,1,1
gradual_shift,12,True,unknown,0.846408731070732,0.7619212169684899,0.08448751410224209,,,0.43720000982284546,4.5889524889424,4.156697114801387,0.7228787008238461,6.091594696044922e-05,0.4998329101562501,1,0,1,1,1,1,0,1
true_null,13,False,quiet,0.8567382088888068,0.8611539491417517,-0.004415740252944889,,,0.03812399506568909,0.006727601669313524,0.6595999999999589,0.050012445007143275,-0.00035583972930908203,0.0013061523437499778,0,0,0,0,0,0,0,0
covariate_shift_mild,13,False,fire,0.8567382088888068,0.8486011768826918,0.008137032006115041,,,0.26108065247535706,0.3044443878973209,1.401564914317347,0.2373824277859609,0.009106695652008057,0.14979731445312494,0,0,1,1,1,1,1,1
covariate_shift_moderate,13,False,fire,0.8567382088888068,0.840673586281685,0.016064622607121826,,,0.5208157896995544,1.223443841729311,3.8516863431242814,0.4628197027607461,0.031779468059539795,0.2924901855468749,0,0,1,1,1,1,1,1
covariate_shift_strong,13,False,fire,0.8567382088888068,0.8111745381680946,0.04556367072071221,,,0.7297624945640564,3.364824180689294,6.728513724823954,0.6884367340952843,0.07012110948562622,0.41344707031249994,1,0,1,1,1,1,1,1
concept_drift_no_covariate_shift,13,True,quiet,0.8567382088888068,0.5145720869368304,0.3421661219519764,,,0.03812399506568909,0.006727601669313524,0.6595999999999589,0.050012445007143275,-0.00035583972930908203,0.0013061523437499778,1,0,0,0,0,0,0,0
imputation_masked_null,13,True,quiet,0.8567382088888068,0.8043491349186862,0.0523890739701206,,,0.03812399506568909,0.006727601669313524,0.6595999999999589,0.050012445007143275,0.0043593645095825195,0.49988642578125,1,0,0,0,0,0,1,1
imputation_visible,13,True,unknown,0.8567382088888068,0.8026562765615851,0.05408193232722169,,,0.45075005292892456,3.7876510487063397,2.8440999999999956,0.7902379728716318,0.004489302635192871,0.499896875,1,0,1,1,1,1,1,1
dilution_shift,13,True,quiet,0.8567382088888068,0.8539890570435907,0.002749151845216069,0.19205240310875415,0.3983957219251337,0.04395924136042595,0.039586864924561066,1.958421264381686,0.0755967224528516,-0.00021380186080932617,0.02243105468749995,0,1,0,1,1,1,0,1
dilution_permuted,13,True,quiet,0.8567382088888068,0.8548086121478038,0.0019295967410030146,0.381416374840831,0.3983957219251337,0.03812399506568909,0.006727601669313524,0.6595999999999589,0.050012445007143275,-0.00028067827224731445,0.014336474609375038,0,1,0,0,0,0,0,1
irrelevant_feature_drift,13,False,fire,0.8567382088888068,0.8611539491417517,-0.004415740252944889,,,1.0,17.646993948086653,241.25611263977737,0.9194331073046357,0.6849819421768188,0.4999999999999999,0,0,1,1,1,1,1,1
sudden_shift,13,True,fire,0.8567382088888068,0.7042837274493877,0.1524544814394191,,,0.46720001101493835,6.306055312433117,16.0254432236676,0.8195488200978865,0.010670900344848633,0.4999,1,0,1,1,1,1,1,1
gradual_shift,13,True,unknown,0.8567382088888068,0.7587886556129734,0.09794955327583343,,,0.428600013256073,4.529517274005378,4.014643488196372,0.7167336711586547,-0.0002607107162475586,0.4996754882812501,1,0,1,1,1,1,0,1
true_null,14,False,quiet,0.847927041756995,0.8605998309374381,-0.012672789180443123,,,0.021703481674194336,0.003743786900667293,0.6175499999999559,0.052138152932450776,-0.00011038780212402344,-0.007818847656249961,0,0,0,0,0,0,0,0
covariate_shift_mild,14,False,fire,0.847927041756995,0.8451615422150579,0.0027654995419370554,,,0.25661641359329224,0.30278950389920456,1.2424613340133832,0.2364745884606393,0.00818169116973877,0.1564826171875,0,0,1,1,1,1,1,1
covariate_shift_moderate,14,False,fire,0.847927041756995,0.856710236201068,-0.00878319444407305,,,0.5208091735839844,1.2241907855810559,3.258019571886834,0.4633142850271906,0.03251910209655762,0.29618486328125004,0,0,1,1,1,1,1,1
covariate_shift_strong,14,False,fire,0.847927041756995,0.8210572569750093,0.02686978478198565,,,0.7282500267028809,3.3192935880841974,5.719918613407631,0.6855455853273553,0.06845420598983765,0.40941967773437504,1,0,1,1,1,1,1,1
concept_drift_no_covariate_shift,14,True,quiet,0.847927041756995,0.5057594150606941,0.34216762669630085,,,0.021703481674194336,0.003743786900667293,0.6175499999999559,0.052138152932450776,-0.00011038780212402344,-0.007818847656249961,1,0,0,0,0,0,0,0
imputation_masked_null,14,True,quiet,0.847927041756995,0.800263352883871,0.047663688873124,,,0.029076755046844482,0.00615444413359844,0.7294191118258274,0.06425203005114825,0.006139636039733887,0.49988134765625014,1,0,0,0,0,0,1,1
imputation_visible,14,True,unknown,0.847927041756995,0.8013317188673774,0.04659532288961754,,,0.4504484534263611,3.7442168038927326,2.5878750000000106,0.7953478910319447,0.006490528583526611,0.49990957031249994,1,0,1,1,1,1,1,1
dilution_shift,14,True,quiet,0.847927041756995,0.8548422197960472,-0.006915178039052283,0.1748132891333377,0.41893830703012913,0.0445246696472168,0.03326375015253562,2.7049934933438653,0.07425336886701844,-0.00024187564849853516,0.019530810546875,0,1,1,1,1,1,0,1
dilution_permuted,14,True,quiet,0.847927041756995,0.8515608630797644,-0.0036338213227694593,0.41402784170405466,0.41893830703012913,0.021703481674194336,0.003743786900667293,0.6175499999999559,0.052138152932450776,-0.00022226572036743164,0.006900048828125005,0,1,0,0,0,0,0,0
irrelevant_feature_drift,14,False,fire,0.847927041756995,0.8605998309374381,-0.012672789180443123,,,1.0,17.65308635470642,32.77245262742788,0.9213359847890608,0.7125926613807678,0.5,0,0,1,1,1,1,1,1
sudden_shift,14,True,fire,0.847927041756995,0.7258929206520109,0.12203412110498402,,,0.4690132439136505,6.454285909725659,19.96254987033629,0.8381458930866634,0.011228740215301514,0.49989833984375,1,0,1,1,1,1,1,1
gradual_shift,14,True,unknown,0.847927041756995,0.7550633107557341,0.09286373100126089,,,0.4391893148422241,4.778492357582224,4.894138166496177,0.7303002426899108,-0.00019299983978271484,0.49979052734375007,1,0,1,1,1,1,0,1
true_null,15,False,quiet,0.8444785137864227,0.8489440358796762,-0.00446552209325346,,,0.03126460313796997,0.006785993236083288,0.4048695515094488,0.06030509687026444,0.00022983551025390625,0.001975927734375049,0,0,0,0,0,0,0,0
covariate_shift_mild,15,False,fire,0.8444785137864227,0.8433135285940258,0.001164985192396939,,,0.2536599636077881,0.29979258387963625,1.4094669806038589,0.23344756502800523,0.006988167762756348,0.15101621093749995,0,0,1,1,1,1,1,1
covariate_shift_moderate,15,False,fire,0.8444785137864227,0.8395198474850236,0.004958666301399073,,,0.51358562707901,1.2114291588618795,3.3095190469205327,0.4575259774497589,0.0326654314994812,0.2882553710937499,0,0,1,1,1,1,1,1
covariate_shift_strong,15,False,fire,0.8444785137864227,0.7929093053268658,0.051569208459556926,,,0.724315345287323,3.317874876300379,6.246792661795449,0.6834071863464736,0.06663393974304199,0.41185971679687494,1,0,1,1,1,1,1,1
concept_drift_no_covariate_shift,15,True,quiet,0.8444785137864227,0.5115323075352944,0.33294620625112825,,,0.03126460313796997,0.006785993236083288,0.4048695515094488,0.06030509687026444,0.00022983551025390625,0.001975927734375049,1,0,0,0,0,0,0,0
imputation_masked_null,15,True,quiet,0.8444785137864227,0.7838366214880312,0.06064189229839145,,,0.03126460313796997,0.00841591790417257,0.4048695515094488,0.06030509687026444,0.003823399543762207,0.4999121093750001,1,0,0,0,0,0,1,1
imputation_visible,15,True,unknown,0.8444785137864227,0.7863317889780737,0.05814672480834904,,,0.4513477683067322,3.7299486064963983,2.729350000000009,0.793885959213724,0.003631889820098877,0.4998537109375,1,0,1,1,1,1,1,1
dilution_shift,15,True,quiet,0.8444785137864227,0.8407558861949336,0.003722627591489114,0.2470385444638613,0.40942562592047127,0.046694666147232056,0.03539416472936443,1.9564437210623153,0.07211268627381864,0.0004495382308959961,0.02041308593750002,0,1,1,1,1,0,0,1
dilution_permuted,15,True,quiet,0.8444785137864227,0.8415798082759463,0.0028987055104764403,0.42064996588573,0.40942562592047127,0.03126460313796997,0.006785993236083288,0.4048695515094488,0.06030509687026444,0.00030517578125,0.01391669921874994,0,1,0,0,0,0,0,1
irrelevant_feature_drift,15,False,fire,0.8444785137864227,0.8489440358796762,-0.00446552209325346,,,1.0,18.42800796578809,7.401747850523893,0.9228597154571095,0.662376344203949,0.5,0,0,1,1,1,1,1,1
sudden_shift,15,True,fire,0.8444785137864227,0.7079355915358834,0.13654292225053932,,,0.46490001678466797,6.30319225112478,16.871628575409037,0.8227538906451127,0.013842463493347168,0.49991347656249996,1,0,1,1,1,1,1,1
gradual_shift,15,True,unknown,0.8444785137864227,0.7602668016570522,0.08421171212937051,,,0.4335423707962036,4.670794518513868,4.044131425003275,0.7274466466812114,0.0004533529281616211,0.49978134765624993,1,0,1,1,1,1,0,1
true_null,16,False,quiet,0.8537454247849315,0.852900688496174,0.000844736288757586,,,0.022423535585403442,0.006582835449935868,0.4314500000000576,0.05721409323234573,0.00013399124145507812,0.00642373046875,0,0,0,0,0,0,0,0
covariate_shift_mild,16,False,fire,0.8537454247849315,0.8444376456262582,0.009307779158673313,,,0.264419823884964,0.3283668539157984,1.3621073829874273,0.24361440276983298,0.0067778825759887695,0.143196875,0,0,1,1,1,1,1,1
covariate_shift_moderate,16,False,fire,0.8537454247849315,0.8303989330928877,0.023346491692043836,,,0.5217314958572388,1.2461243005722205,3.570390700413262,0.4644669179721327,0.031430602073669434,0.28305424804687496,1,0,1,1,1,1,1,1
covariate_shift_strong,16,False,fire,0.8537454247849315,0.8181788808873531,0.035566543897578407,,,0.734101414680481,3.5176063459663816,6.662885762954407,0.6944823827279647,0.06946581602096558,0.4146109375,1,0,1,1,1,1,1,1
concept_drift_no_covariate_shift,16,True,quiet,0.8537454247849315,0.5174896104600695,0.33625581432486207,,,0.022423535585403442,0.006582835449935868,0.4314500000000576,0.05721409323234573,0.00013399124145507812,0.00642373046875,1,0,0,0,0,0,0,0
imputation_masked_null,16,True,quiet,0.8537454247849315,0.79613754123807,0.05760788354686153,,,0.025679588317871094,0.011424884581954014,0.4314500000000576,0.061801138838030956,0.004649639129638672,0.4997513671875,1,0,0,0,0,0,1,1
imputation_visible,16,True,unknown,0.8537454247849315,0.7995985957110262,0.054146829073905334,,,0.451200008392334,3.715490489135702,2.644225000000005,0.7984101560760691,0.004508554935455322,0.4999107421875,1,0,1,1,1,1,1,1
dilution_shift,16,True,quiet,0.8537454247849315,0.8454888174798572,0.008256607305074382,0.17534012219456296,0.4047936085219707,0.03939042240381241,0.19416464517718401,1.8490229162857221,0.14918865066467193,0.00037932395935058594,0.024427099609375058,0,1,0,1,1,1,0,1
dilution_permuted,16,True,quiet,0.8537454247849315,0.8457529292856204,0.007992495499311136,0.3408806627351034,0.4047936085219707,0.022423535585403442,0.006582835449935868,0.4314500000000576,0.05721409323234573,0.0002929568290710449,0.012512353515624963,0,1,0,0,0,0,0,0
irrelevant_feature_drift,16,False,fire,0.8537454247849315,0.852900688496174,0.000844736288757586,,,1.0,17.342963664973592,3.64670315357016,0.9239983719504248,0.6620140671730042,0.5,0,0,1,1,1,1,1,1
sudden_shift,16,True,fire,0.8537454247849315,0.7143798916975577,0.13936553308737387,,,0.4685499966144562,6.320242254484531,14.922794802349637,0.8219766157010926,0.012486577033996582,0.49984306640625,1,0,1,1,1,1,1,1
gradual_shift,16,True,unknown,0.8537454247849315,0.7532791749639717,0.10046624982095986,,,0.4347947835922241,4.547775699556808,3.5873920280296088,0.7099227371896298,0.00029331445693969727,0.49974755859375,1,0,1,1,1,1,0,1
true_null,17,False,quiet,0.8585738826784557,0.8618091664407594,-0.0032352837623037534,,,0.024991512298583984,0.006590961803350321,0.40744999999996906,0.05102209951429073,0.00018024444580078125,-0.010638134765624974,0,0,0,0,0,0,0,0
covariate_shift_mild,17,False,fire,0.8585738826784557,0.8538329077233129,0.004740974955142807,,,0.26269087195396423,0.32212744468670346,1.1954687875384813,0.24201677431262283,0.007382214069366455,0.143601611328125,0,0,1,1,1,1,1,1
covariate_shift_moderate,17,False,fire,0.8585738826784557,0.8706685673195308,-0.012094684641075104,,,0.5170614123344421,1.238933095023884,3.1438418383600903,0.46328754117532306,0.03379178047180176,0.28043994140624995,0,0,1,1,1,1,1,1
covariate_shift_strong,17,False,fire,0.8585738826784557,0.8462852964418683,0.012288586236587351,,,0.7277363538742065,3.441574618548208,5.649534076429885,0.6880899544841815,0.06995439529418945,0.4079498535156252,0,0,1,1,1,1,1,1
concept_drift_no_covariate_shift,17,True,quiet,0.8585738826784557,0.5179547110425315,0.34061917163592415,,,0.024991512298583984,0.006590961803350321,0.40744999999996906,0.05102209951429073,0.00018024444580078125,-0.010638134765624974,1,0,0,0,0,0,0,0
imputation_masked_null,17,True,quiet,0.8585738826784557,0.8043269926914958,0.05424688998695992,,,0.024991512298583984,0.007069677133761848,0.40744999999996906,0.05102209951429073,0.006471753120422363,0.49974697265625,1,0,0,0,0,0,1,1
imputation_visible,17,True,unknown,0.8585738826784557,0.8004711592792311,0.05810272339922462,,,0.44840532541275024,3.841323716209639,2.7157249999999995,0.8003587260876539,0.006805241107940674,0.49982246093750005,1,0,1,1,1,1,1,1
dilution_shift,17,True,quiet,0.8585738826784557,0.8536766455021617,0.004897237176293978,0.15145467569629834,0.4175392670157068,0.04977375641465187,0.03844689385749028,1.9990623049210603,0.07700108344063179,0.00015479326248168945,0.012165234375000056,0,1,1,1,1,1,0,0
dilution_permuted,17,True,quiet,0.8585738826784557,0.8515664550760517,0.007007427602404026,0.370131813995476,0.4175392670157068,0.024991512298583984,0.006590961803350321,0.40744999999996906,0.05102209951429073,0.00014781951904296875,-0.0016055664062499808,0,1,0,0,0,0,0,0
irrelevant_feature_drift,17,False,fire,0.8585738826784557,0.8618091664407594,-0.0032352837623037534,,,1.0,17.627276058643538,341.35026108010226,0.9145989432107586,0.6698979139328003,0.5,0,0,1,1,1,1,1,1
sudden_shift,17,True,fire,0.8585738826784557,0.7206592895737595,0.13791459310469623,,,0.46434998512268066,6.3545260012811555,16.5492590457553,0.8263779094951181,0.010506510734558105,0.49990146484375,1,0,1,1,1,1,1,1
gradual_shift,17,True,unknown,0.8585738826784557,0.7514351907799403,0.10713869189851544,,,0.426800012588501,4.585979711234992,3.9939739774099268,0.7130277045515659,0.00014710426330566406,0.4997256835937499,1,0,1,1,1,1,0,1
true_null,18,False,quiet,0.8465523749631169,0.8738006883791026,-0.02724831341598577,,,0.03449326753616333,0.011318997285909783,0.3259700148739593,0.051916825600414156,7.069110870361328e-05,0.0016455078124999467,0,0,0,0,0,0,0,0
covariate_shift_mild,18,False,fire,0.8465523749631169,0.875218048101769,-0.028665673138652092,,,0.26649799942970276,0.324317177131255,1.738475831283991,0.2444234860224879,0.007973194122314453,0.15413867187500008,0,0,1,1,1,1,1,1
covariate_shift_moderate,18,False,fire,0.8465523749631169,0.8712403173985486,-0.02468794243543171,,,0.5238771438598633,1.2492061938540284,3.39032108516905,0.4666013462511537,0.030630409717559814,0.29766923828125,0,0,1,1,1,1,1,1
covariate_shift_strong,18,False,fire,0.8465523749631169,0.8577323129807087,-0.011179938017591873,,,0.7295880317687988,3.3636359920249785,6.671743956580009,0.6879395309413117,0.06688117980957031,0.40969775390624996,0,0,1,1,1,1,1,1
concept_drift_no_covariate_shift,18,True,quiet,0.8465523749631169,0.5158283057344497,0.33072406922866715,,,0.03449326753616333,0.011318997285909783,0.3259700148739593,0.051916825600414156,7.069110870361328e-05,0.0016455078124999467,1,0,0,0,0,0,0,0
imputation_masked_null,18,True,quiet,0.8465523749631169,0.8178420260698406,0.028710348893276283,,,0.03449326753616333,0.011318997285909783,0.3259700148739593,0.051916825600414156,0.005767464637756348,0.49981894531250004,1,0,0,0,0,0,1,1
imputation_visible,18,True,unknown,0.8465523749631169,0.8169010181209735,0.029651356842143373,,,0.4505000114440918,3.754491267309623,2.6247750000000063,0.7944577099631948,0.005668997764587402,0.49993291015624997,1,0,1,1,1,1,1,1
dilution_shift,18,True,quiet,0.8465523749631169,0.8627040918355631,-0.01615171687244621,0.1865918275066839,0.43342776203966005,0.043984703719615936,0.04092600624901314,1.873231607537342,0.0766170679486153,4.7326087951660156e-05,0.03273085937499998,0,1,0,1,1,1,0,1
dilution_permuted,18,True,quiet,0.8465523749631169,0.8669144013125072,-0.020362026349390328,0.43284588468511087,0.43342776203966005,0.03449326753616333,0.011318997285909783,0.3259700148739593,0.051916825600414156,3.731250762939453e-05,0.016680664062499906,0,1,0,0,0,0,0,1
irrelevant_feature_drift,18,False,fire,0.8465523749631169,0.8738006883791026,-0.02724831341598577,,,1.0,18.55430201765374,4.257375463950748,0.9235733476688611,0.7079942226409912,0.5,0,0,1,1,1,1,1,1
sudden_shift,18,True,fire,0.8465523749631169,0.7214504883580182,0.1251018866050987,,,0.46355000138282776,6.486655696151194,16.739539153847183,0.8321295923100089,0.010665535926818848,0.4998853515625,1,0,1,1,1,1,1,1
gradual_shift,18,True,unknown,0.8465523749631169,0.7808819897627026,0.06567038520041424,,,0.43782588839530945,4.676808897895136,3.881870241427289,0.7204793847388492,1.9669532775878906e-05,0.49978691406249987,1,0,1,1,1,1,0,1
true_null,19,False,quiet,0.8486524514719906,0.8552845917339648,-0.006632140261974118,,,0.02517569065093994,0.006665507663590873,0.3938499999999825,0.07104179444610041,3.927946090698242e-05,-0.004994335937499983,0,0,0,0,0,0,0,0
covariate_shift_mild,19,False,fire,0.8486524514719906,0.8391525649462568,0.009499886525733858,,,0.2674991488456726,0.32802879858662043,1.2096321805651984,0.24429179762008235,0.008355021476745605,0.15173891601562506,0,0,1,1,1,1,1,1
covariate_shift_moderate,19,False,fire,0.8486524514719906,0.848596212219716,5.623925227460358e-05,,,0.5235639810562134,1.2777489099011698,3.0077129501028494,0.46887574319272113,0.03389793634414673,0.29601025390625,0,0,1,1,1,1,1,1
covariate_shift_strong,19,False,fire,0.8486524514719906,0.8206444168784727,0.028008034593517972,,,0.731977105140686,3.3949335019058084,5.804748392264959,0.6902421461574375,0.07024693489074707,0.41377792968749993,1,0,1,1,1,1,1,1
concept_drift_no_covariate_shift,19,True,quiet,0.8486524514719906,0.5116167289953943,0.3370357224765963,,,0.02517569065093994,0.006665507663590873,0.3938499999999825,0.07104179444610041,3.927946090698242e-05,-0.004994335937499983,1,0,0,0,0,0,0,0
imputation_masked_null,19,True,quiet,0.8486524514719906,0.7997562373793072,0.04889621409268341,,,0.02517569065093994,0.006665507663590873,1.4716086172344562,0.07104179444610041,0.0038604736328125,0.4999076171875001,1,0,0,0,1,0,1,1
imputation_visible,19,True,unknown,0.8486524514719906,0.7936674866149422,0.0549849648570484,,,0.4513000249862671,3.7549007930629266,5.340750000000002,0.7951556020103607,0.0037973523139953613,0.4999041015625,1,0,1,1,1,1,1,1
dilution_shift,19,True,quiet,0.8486524514719906,0.848640855273667,1.1596198323693407e-05,0.17543688927656442,0.39886039886039887,0.039013419300317764,0.19626343801581614,2.956420786496987,0.14035366822038128,0.00038743019104003906,0.01894824218750002,0,1,0,1,1,1,0,1
dilution_permuted,19,True,quiet,0.8486524514719906,0.8484674614584451,0.00018499001354554956,0.3610730499908501,0.39886039886039887,0.02517569065093994,0.006665507663590873,0.3938499999999825,0.07104179444610041,0.0002822279930114746,0.00997358398437509,0,1,0,0,0,0,0,0
irrelevant_feature_drift,19,False,fire,0.8486524514719906,0.8552845917339648,-0.006632140261974118,,,1.0,17.671543657293853,340.862161736582,0.9211928967474219,0.9972829222679138,0.5,0,0,1,1,1,1,1,1
sudden_shift,19,True,fire,0.8486524514719906,0.7161302604612793,0.1325221910107114,,,0.4616999924182892,6.408993093400772,21.8576132921263,0.8294885389230449,0.013903021812438965,0.49992060546875006,1,0,1,1,1,1,1,1
gradual_shift,19,True,unknown,0.8486524514719906,0.7489159380287995,0.09973651344319112,,,0.43219998478889465,4.694713211558347,5.161445823202714,0.7226578632503754,0.0003230571746826172,0.499769921875,1,0,1,1,1,1,0,1
