rep,auc_ref,auc_cur,auc_drop,segment_auc_drop,ks,psi,wasserstein,jensen_shannon,mmd,c2st
0,0.8414211729230424,0.8398594168742656,0.0015617560487768412,0.19821245172896151,0.01660001277923584,0.002200104000439089,0.02083403996709885,0.02673525929046395,0.00017982721328735352,-0.007100781250000021
1,0.8405547899174565,0.8473692892844449,-0.0068144993669884135,0.19060291229089188,0.014299988746643066,0.00185223499731735,0.014803485260279739,0.02666742539932404,0.00010323524475097656,0.009929199218750018
2,0.8418757610822092,0.8444405639253334,-0.0025648028431242142,0.19942870244919253,0.022150009870529175,0.00198925013709295,0.028376087943671455,0.026823041636520523,6.371736526489258e-05,0.008388183593749932
3,0.8423749838675693,0.8483311315574823,-0.005956147689913038,0.17266259289262031,0.020099997520446777,0.0024082612919926714,0.02294643166149615,0.02509318598618139,-0.00014793872833251953,-0.008036035156249954
4,0.8404009320082545,0.850983970167316,-0.010583038159061475,0.16714102873164272,0.013099998235702515,0.0019030568204504226,0.01397647979058241,0.02370518107131303,0.0001747608184814453,-0.00025917968749994413
5,0.8436269648421693,0.838148433360378,0.005478531481791227,0.28349410853522705,0.014850005507469177,0.0029571376323376686,0.016126035285803017,0.027103062532784612,-7.772445678710938e-05,-0.020525000000000015
6,0.8448432107217887,0.8459253220803419,-0.0010821113585531839,0.21326598250070983,0.015350013971328735,0.00202136628334876,0.020493966165225346,0.02473045604120269,-6.383657455444336e-05,-0.00411875000000006
7,0.8368155430694147,0.8454778634015636,-0.008662320332148865,0.22603260973987882,0.016099989414215088,0.0023176909296746488,0.01962860889987145,0.029041664136402273,3.081560134887695e-05,-0.005527246093749938
8,0.8410610283868094,0.83806040274357,0.0030006256432394407,0.1906238519350273,0.013249993324279785,0.002563471350153797,0.018542628744005005,0.02340773355377475,4.5299530029296875e-05,-0.001237792968749929
9,0.8335888555075153,0.8395600251913392,-0.00597116968382394,0.19343078689062243,0.016499996185302734,0.0020991996650696096,0.023988238341061938,0.024593814886506533,-6.079673767089844e-06,-0.002931445312500003
10,0.8444628947255957,0.8471865942390933,-0.0027236995134976016,0.23465922149986873,0.014750003814697266,0.0023405426326464046,0.016471241697996235,0.023821765560102195,9.78708267211914e-05,0.004440820312499927
11,0.8473771470984458,0.8406664553423532,0.006710691756092624,0.24251611806573226,0.015450000762939453,0.0023139123388957873,0.018973441217961563,0.027312264682159883,1.430511474609375e-06,-0.0035165039062499126
12,0.8343344455142131,0.8447598122947468,-0.01042536678053374,0.21615634480218338,0.015500009059906006,0.0025105519319695963,0.01793147601826505,0.024376664408035358,-0.00010192394256591797,-0.000965429687500019
13,0.8432814881531385,0.8418404825313079,0.0014410056218305822,0.22857857823371208,0.016349971294403076,0.0025452230167910895,0.019904000999976985,0.02612172431667091,-1.2040138244628906e-05,-6.66015624999905e-05
14,0.8482420592552887,0.8415898114722323,0.0066522477830563975,0.24406833682729068,0.014050006866455078,0.0021316567034189546,0.01620101827216634,0.02536318273709526,-6.693601608276367e-05,-0.012759960937500037
15,0.8333571743202989,0.8439554562120017,-0.010598281891702865,0.1389089050514819,0.01635003089904785,0.0020957928201704185,0.02023607006267822,0.024176462840170797,-0.0001475214958190918,4.365234374992255e-05
16,0.8442044703862138,0.8428841191066997,0.0013203512795141314,0.14243250962000964,0.01635003089904785,0.001987518402807534,0.016041265873329234,0.024219464568012862,-0.00015360116958618164,-0.003129394531249996
17,0.8369982986257165,0.8396551969758055,-0.0026568983500889765,0.2350990958053738,0.021250009536743164,0.0026496398348318517,0.021522819576332456,0.02645015069532392,4.708766937255859e-06,0.01728115234374994
18,0.8384387058835364,0.8390894395475343,-0.0006507336639979266,0.20641747323447823,0.01594996452331543,0.001891477715861805,0.021852321885453992,0.025394220772110863,-1.329183578491211e-05,-0.004881152343749973
19,0.8457362668511615,0.8388507155048787,0.006885551346282881,0.21176073494211523,0.014800012111663818,0.0016234027823780813,0.017692679048811787,0.024715803771827055,4.482269287109375e-05,0.004205859374999954
20,0.8370667354780545,0.8452602890790156,-0.008193553600961079,0.16502844762948865,0.01705002784729004,0.0016164971015690337,0.022398608473675988,0.024659054676454958,-1.239776611328125e-05,-0.007011718749999951
21,0.8407640740503042,0.8364179947106737,0.004346079339630493,0.22315107409999424,0.015049993991851807,0.0020489114201343184,0.020267170229761804,0.024432231265151434,-8.386373519897461e-05,-0.013717675781249938
22,0.845757994108161,0.8414275491325445,0.004330444975616521,0.23176074218508003,0.014199972152709961,0.001929098568285107,0.01646273597761561,0.026231495083884795,-8.791685104370117e-05,-0.00341171875000007
23,0.8446279879753282,0.8364156238156131,0.008212364159715158,0.1600740402987667,0.015200018882751465,0.0017259238361478596,0.017610312450503287,0.023552130204807346,-0.00010609626770019531,-0.0068740234374999876
24,0.8386826157023857,0.8389655867182465,-0.0002829710158608334,0.17340227467246783,0.017849981784820557,0.0017603382327334373,0.01886073422973129,0.025979682248456454,5.441904067993164e-05,0.002036035156249949
25,0.8383322368236081,0.842301973182754,-0.003969736359145881,0.1682865548722593,0.016349971294403076,0.0017898969133877361,0.019384395162912942,0.024183525112601037,-2.777576446533203e-05,0.0021311523437499424
26,0.8374154242165011,0.8422671238999102,-0.00485169968340915,0.22540808205822827,0.018299996852874756,0.002232604312709461,0.02499792311831179,0.02392422227240158,-1.2874603271484375e-05,-0.0004873046875000231
27,0.8350474876664395,0.8431675298809246,-0.008120042214485035,0.1934539008942049,0.016950011253356934,0.001712110436022668,0.027981354380542108,0.02434333271245132,0.0001366138458251953,-0.0005575195312500503
28,0.8425180183621616,0.8417693609073174,0.0007486574548442038,0.1579411224122068,0.017700016498565674,0.0022426666480815077,0.020680238302496774,0.02650260483355837,5.626678466796875e-05,-0.0069915039062500295
29,0.839988051247964,0.8467533587472111,-0.006765307499247086,0.209273845083767,0.01735001802444458,0.0022486333156987895,0.019630277406523882,0.025142179662120057,-7.325410842895508e-05,0.007470605468750002
30,0.8413038442984487,0.840574917887127,0.0007289264113217175,0.19167660554958244,0.01635003089904785,0.0022438228279678695,0.01751491042637546,0.027371361701291706,3.8743019104003906e-05,-0.005097753906250002
31,0.8422582637323139,0.8386962965669692,0.003561967165344737,0.21649281274281273,0.015149950981140137,0.0022037361604259104,0.020457477697250405,0.025708432635589678,-3.24249267578125e-05,-0.007188183593749953
32,0.8422524236556574,0.8458895414494098,-0.003637117793752309,0.13170353019379255,0.013999998569488525,0.002261579067911677,0.0199977147834572,0.024095813711842728,-4.965066909790039e-05,-0.017779394531249992
33,0.839368307806954,0.838921491903124,0.00044681590383000014,0.2237435989537283,0.015600025653839111,0.0019252275604837788,0.020136882944000203,0.027894417176971564,-1.7821788787841797e-05,-0.005087597656249998
34,0.8426881572408121,0.8421649865254124,0.0005231707153997567,0.23707462389859157,0.016749978065490723,0.0020355456083828963,0.020588723261775077,0.0245383123180386,0.00023049116134643555,-0.012620898437499972
35,0.8411356652152618,0.8404205581045605,0.0007151071107013296,0.21195908465829194,0.01704999804496765,0.0021430738835264136,0.018913375551374352,0.025849093432184583,-5.543231964111328e-06,0.00011718750000000444
36,0.84200313930692,0.8420529828266037,-4.984351968373435e-05,0.23203381189508876,0.01840001344680786,0.0023665972746796625,0.020373846158581597,0.026784794156075143,-2.1636486053466797e-05,-0.0007362304687499877
37,0.8490847038217085,0.8336895441849645,0.015395159636743982,0.2576685085623257,0.014150023460388184,0.002746914970655564,0.01681109059484786,0.02568433150805771,-4.273653030395508e-05,0.009529101562499975
38,0.83942664063437,0.84668549037732,-0.007258849742949991,0.21665116408872886,0.019050002098083496,0.0021075725386793935,0.023910220460932746,0.02493837358331109,1.6748905181884766e-05,0.007414746093749924
39,0.8470656786543359,0.8374407235448532,0.009624955109482691,0.16184419006161355,0.018150001764297485,0.0016946044375637371,0.021836083331122736,0.023744633891161684,-9.053945541381836e-05,-0.0031534179687500163
40,0.8453552165925926,0.8432749741371881,0.002080242455404502,0.1976681649585954,0.020950019359588623,0.0020446194190779825,0.028692970488695266,0.023853648981062733,-9.113550186157227e-05,-0.003212988281250051
41,0.8447118982280355,0.8451678493504844,-0.00045595112244889435,0.25965508681864335,0.0196000337600708,0.0022914928550055486,0.023453916280321653,0.027001276184748776,-2.8371810913085938e-05,0.004234277343749926
42,0.8424818424676225,0.8438690988942195,-0.0013872564265969833,0.25737318735097847,0.01705002784729004,0.0020296226266260345,0.022056261555788523,0.02635868663033046,7.68899917602539e-06,0.004304687500000015
43,0.837395418074074,0.8426127581924275,-0.005217340118353508,0.1991574121325007,0.016400009393692017,0.0020925933708648937,0.02038124707546513,0.024654173422836444,-5.3763389587402344e-05,0.010233789062499943
44,0.8501275007876495,0.8368854566138559,0.013242044173793599,0.2010947069654777,0.016949981451034546,0.001936553704610511,0.02156128196499112,0.024448804022894854,-4.601478576660156e-05,0.0021889648437499742
45,0.8448487539520468,0.843018905591838,0.00182984836020883,0.26740246239438736,0.016349971294403076,0.0022165785299558026,0.02129127485476829,0.025874282186824464,-1.71661376953125e-05,0.002037207031249988
46,0.8425794788941793,0.8376988040231487,0.00488067487103061,0.2582312062684925,0.01810002326965332,0.0027838295603857003,0.02058689766486668,0.029593620332389582,3.141164779663086e-05,-0.00571269531249996
47,0.840685396861971,0.8438091139073852,-0.0031237170454142538,0.15202034192997882,0.016949951648712158,0.0022330684256535293,0.023477456500649616,0.027889701534146463,-5.269050598144531e-05,0.01397841796874999
48,0.8345364571246467,0.8434671254397308,-0.008930668315084045,0.19028961671475186,0.015799999237060547,0.0019061874653482976,0.019130153974102167,0.023132676501421496,0.00029414892196655273,-0.004582910156249953
49,0.8398174781766007,0.8399181371358287,-0.00010065895922806156,0.18853401033336958,0.01644998788833618,0.0024361120819602704,0.02417603563467771,0.028787455447666983,-0.00020313262939453125,0.0024820312500000163
50,0.8396928612330598,0.8424654503828946,-0.002772589149834803,0.17318052834328945,0.020400017499923706,0.0020140711903364307,0.025825533307693434,0.023185360456624605,-3.993511199951172e-06,-0.0004648437499999991
51,0.8377835741650833,0.8422498048750563,-0.004466230709972985,0.2385401929491604,0.017750024795532227,0.0021025924320212793,0.021394487425289283,0.026716055176463322,9.757280349731445e-05,-0.005346875000000029
52,0.8423504887494622,0.8379351313048782,0.004415357444583989,0.21516558821658827,0.020550012588500977,0.002479812135293924,0.024023190069045356,0.026875395034049225,4.214048385620117e-05,0.007024023437500082
53,0.8459582772822485,0.8386061055582116,0.0073521717240369044,0.21627487635549103,0.02114999294281006,0.0022633039419358613,0.01836864479072603,0.026739863689171743,-5.733966827392578e-05,0.009449609374999945
54,0.841376613569059,0.837663174408818,0.0037134391602410277,0.171694570973425,0.01449999213218689,0.0016486471091034572,0.01676431618430995,0.02488779502187014,6.73532485961914e-05,-0.00015908203125003517
55,0.8442093435987106,0.8456598310256335,-0.0014504874269228862,0.1786806722110491,0.013200044631958008,0.0017872558811930284,0.018443986441137445,0.027378519515323066,0.00018894672393798828,-0.007559179687500028
56,0.8448258160879504,0.84363458311704,0.0011912329709103942,0.14148902972216593,0.01510000228881836,0.0017456820624475967,0.019545224264820762,0.025646768954195,8.362531661987305e-05,-0.012351757812499975
57,0.8408080219111789,0.8404995416434616,0.00030848026771723713,0.19053165472486078,0.01714998483657837,0.001798730928585403,0.021967858347462527,0.02510070939098095,0.00012665987014770508,0.00047216796874993694
58,0.8356888797007849,0.8532711852537349,-0.01758230555295004,0.20919958225173418,0.016700029373168945,0.0020225009658232144,0.022851612788735005,0.025914214617529113,-0.00012606382369995117,0.013078320312500002
59,0.8409011986311994,0.8408947376500567,6.460981142653033e-06,0.18348069130631206,0.015799999237060547,0.0024703813991244663,0.020673601604644536,0.02527723266006186,-6.949901580810547e-05,-0.01681279296874999
60,0.8455676158548553,0.8471161248800725,-0.001548509025217193,0.2863631969384478,0.01614999771118164,0.002428648042286056,0.022205204345002498,0.02593033024553276,-2.4437904357910156e-05,0.004670996093749991
61,0.8453718222764361,0.8419350217248024,0.0034368005516337563,0.20178898327834505,0.015049993991851807,0.002732038666023521,0.018945794437763987,0.025335594193411023,-0.00015282630920410156,-0.002146582031249955
62,0.8453841596391481,0.845206185485753,0.0001779741533951551,0.14892958559242497,0.014950007200241089,0.001731475673909383,0.019573308824347765,0.02539841339876838,4.4405460357666016e-05,-0.00795732421874995
63,0.8412732647182246,0.8375991195376222,0.003674145180602384,0.16668166160081055,0.018150031566619873,0.002398808542963797,0.022628574005408655,0.02426767256660672,-1.2934207916259766e-05,-0.00840498046874999
64,0.8389257396593836,0.8448749729003214,-0.005949233240937879,0.22945236350718856,0.012899994850158691,0.002055481861972841,0.017949844691935612,0.025115622776862946,0.0001398324966430664,-0.0036871093749999972
65,0.841976005070509,0.8428324783613682,-0.0008564732908592498,0.18196149003589468,0.01564997434616089,0.002126088455611531,0.017043385711676712,0.0245159249388605,-5.894899368286133e-05,-0.011488769531249998
66,0.8453114363616215,0.8441600276884197,0.001151408673201848,0.17422909282615473,0.015500009059906006,0.0020915361928578857,0.019119777508338792,0.02801474229115272,-4.1425228118896484e-05,-0.010387207031249956
67,0.8447849934643525,0.8428803913833168,0.0019046020810357112,0.216643319840799,0.01524999737739563,0.0022579921562365683,0.021924572956253253,0.02404350004672654,2.4080276489257812e-05,-0.0005539062499999581
68,0.8419283498163065,0.841139955511794,0.0007883943045124964,0.24448655418731724,0.01605004072189331,0.0023232476286385636,0.015596678348853393,0.02599135938942288,0.00010216236114501953,-0.002450683593750058
69,0.839706264826659,0.8412810232732548,-0.0015747584465958253,0.17090390056587723,0.01729997992515564,0.002413451335924425,0.02005825746415903,0.024610902478420724,-7.253885269165039e-05,-0.011391601562500075
70,0.8388174007001995,0.8429794512413202,-0.004162050541120732,0.21929413488312,0.015599995851516724,0.0018010454411268935,0.017847867068259405,0.02608772380377135,6.574392318725586e-05,0.006940136718750045
71,0.8398027370020331,0.8488657368684454,-0.009062999866412236,0.21468811482142236,0.018750011920928955,0.0032750165165558167,0.017607722771423202,0.027527741451981006,3.2782554626464844e-06,0.012394531250000007
72,0.8456043328981092,0.8433456502470102,0.0022586826510989644,0.1868763323501199,0.014849990606307983,0.0017040875871453722,0.022536282076803887,0.028825365090849965,0.00012362003326416016,-0.002425195312500017
73,0.8397752043326895,0.8399558337999316,-0.00018062946724206608,0.22828153501525372,0.015150010585784912,0.0019867178352054185,0.019987025218267097,0.026729735304765998,-2.771615982055664e-05,-0.003535839843749944
74,0.8397609376762449,0.8471809828537443,-0.00742004517749939,0.15917516240798435,0.018849998712539673,0.0019470444464794465,0.023209055125435446,0.02302601344171002,-0.00010943412780761719,0.011506250000000051
75,0.8466510549934727,0.8423693247688742,0.004281730224598546,0.1957632765516406,0.016599953174591064,0.002039819220222619,0.017449682891821132,0.02495340914523473,-4.5299530029296875e-05,0.003315820312499995
76,0.8472331131073938,0.839323719153872,0.007909393953521748,0.23103839573268936,0.016200006008148193,0.001909762594573321,0.01951554760824795,0.024045876980709337,-0.00014793872833251953,-0.0021564453125000327
77,0.8445481449591421,0.8420767693032719,0.0024713756558701894,0.2230089865434398,0.01645001769065857,0.002046654895763263,0.02263170205071336,0.030028005375515858,-4.214048385620117e-05,-0.000171972656250019
78,0.8400960323251637,0.8389361715044843,0.0011598608206794259,0.22859386618931765,0.01320001482963562,0.0025057673130646496,0.016575473295273722,0.02486164066462481,-9.101629257202148e-05,-0.005488476562500011
79,0.8424920733348154,0.8448519253128797,-0.00235985197806432,0.25267563140501104,0.015399962663650513,0.00214709086692712,0.021257229467285838,0.02722105083491581,3.260374069213867e-05,0.008721777343750015
80,0.8380396400984637,0.8474321094321656,-0.00939246933370197,0.19788032436638425,0.014050006866455078,0.0025393315582813623,0.01604327641647605,0.025301613068036664,9.894371032714844e-06,-0.020037207031250004
81,0.8468519868756836,0.8386020197639561,0.00824996711172754,0.23158699802390148,0.018249988555908203,0.002471111923675295,0.024722508145582908,0.026380163584881256,0.00011515617370605469,0.0036783203125000385
82,0.8325695031467574,0.8406557195724121,-0.008086216425654769,0.17045542932657087,0.013850003480911255,0.0027851012392436907,0.016916634658450527,0.028210066367553105,-0.00012916326522827148,-0.00308330078125002
83,0.8438821115154762,0.8423283736826951,0.0015537378327811213,0.20701297258759088,0.017349988222122192,0.002679269840354351,0.0171054209834837,0.024892575449090633,0.00016129016876220703,0.008685253906249968
84,0.8475051585508819,0.8412150236625855,0.006290134888296439,0.18849393254214397,0.014100000262260437,0.0016309673211972826,0.01521331767849153,0.026723588126789637,7.367134094238281e-05,0.009835351562500039
85,0.8447413035066276,0.8397006747209572,0.0050406287856703536,0.19539157972450505,0.01969999074935913,0.0020279088447015237,0.020612163580639258,0.02420729137973754,-8.130073547363281e-05,0.0032765624999999687
86,0.8403603772260314,0.8464131571145473,-0.006052779888515936,0.160985301206522,0.01449999213218689,0.001995305550677281,0.016216121027563816,0.02369117693956788,-0.00019866228103637695,-0.0001652343749999896
87,0.8369517967392291,0.8418833909444314,-0.004931594205202283,0.16884728718055342,0.014999985694885254,0.002161153379247413,0.019300379720499607,0.024004252051902132,0.0002142190933227539,-0.005397460937499987
88,0.8372133887838135,0.8419982262211005,-0.004784837437287082,0.21242576155993154,0.017450034618377686,0.0018907075380790474,0.023253465023278973,0.028667953903299227,0.00012922286987304688,-0.0032943359375000036
89,0.8438223963021304,0.8390011078461901,0.00482128845594032,0.25974950844906597,0.016199976205825806,0.0034413458072764767,0.017233704916839437,0.02782155522469719,7.539987564086914e-05,-0.006428613281249995
90,0.8444976949898205,0.8434805772568446,0.0010171177329759695,0.16271678563898673,0.016650021076202393,0.002103767062743401,0.0186186109206365,0.02511963009824571,9.298324584960938e-05,-7.343749999999538e-05
91,0.8412546343557257,0.8450023688595751,-0.0037477345038494647,0.2030948434607226,0.015150010585784912,0.002104339025232609,0.017626549798287837,0.024285331899921266,-6.836652755737305e-05,-0.0009055664062499469
92,0.836139109874197,0.8387363454703204,-0.0025972355961233484,0.25388673015537755,0.016550004482269287,0.002688692315053925,0.025586646385084726,0.02784523989067124,-6.753206253051758e-05,-0.0008333984374999659
93,0.8373640763290943,0.8417900429021141,-0.004425966573019857,0.23771016024874425,0.01600000262260437,0.0019405104125168186,0.018473883440979364,0.027122517318631613,0.00015616416931152344,0.00962441406250003
94,0.8521263895627647,0.8357274588498474,0.016398930712917204,0.2053524732602383,0.015550017356872559,0.002535130119384833,0.018179217992255674,0.025800943362624562,1.4603137969970703e-05,-0.004800488281250015
95,0.8422854285345835,0.8387596096699281,0.0035258188646554167,0.17146082462513734,0.014950007200241089,0.0019541488208483777,0.020141955328089992,0.02389755022484197,-3.343820571899414e-05,0.002559472656250006
96,0.8439004229562656,0.8443646017991301,-0.0004641788428645377,0.18628583871501747,0.017249971628189087,0.0020351513134605564,0.018148299693338827,0.026164139655847365,-1.0728836059570312e-06,0.0031779296874999696
97,0.8422489892466609,0.8456313831686092,-0.003382393921948279,0.23431476805888396,0.014850020408630371,0.002009667688306526,0.02408033694730027,0.025039894486078133,-8.732080459594727e-05,0.002676757812499986
98,0.842105325443787,0.8386476490544085,0.00345767638937855,0.18670219657287668,0.014949977397918701,0.001580080308014464,0.017321491367341586,0.0236697979123429,-6.645917892456055e-05,0.006533593749999955
99,0.8441823962091661,0.846834333744734,-0.0026519375355679164,0.24223106166675645,0.016200006008148193,0.0017517732996709312,0.023276781566022677,0.02427406784676543,-8.571147918701172e-05,-0.000842773437499944
100,0.8432771464722298,0.8401726469340162,0.0031044995382136786,0.21159511249193996,0.01335000991821289,0.0018557147164540472,0.019198873344168525,0.024180225194341817,-6.079673767089844e-05,-0.002417968749999999
101,0.8406359361998081,0.8465169005217352,-0.005880964321927085,0.21856373721871114,0.013650000095367432,0.0016101518027446093,0.016982023632818213,0.0240299537582283,-0.0001609325408935547,0.0029629882812500785
102,0.8431954250476881,0.8434290462309642,-0.00023362118327607817,0.16455471618907458,0.015049993991851807,0.0034888959907941695,0.018906928334334484,0.030715425143485204,-0.0001316070556640625,0.0010122070312499343
103,0.8403357032820868,0.8444330568943998,-0.004097353612313004,0.23545277057974212,0.015400022268295288,0.0021855643744824963,0.01903883901617393,0.024724752607994054,-7.766485214233398e-05,0.004992285156249943
104,0.8441121513217062,0.8431961125925925,0.0009160387291137218,0.23627176243943393,0.01644998788833618,0.0024214090507031797,0.0223938410273553,0.02291156116112824,-2.9146671295166016e-05,0.002863671874999918
105,0.8422563759659732,0.8402606297837326,0.001995746182240632,0.21454858872692695,0.015199989080429077,0.0022151999935565024,0.02262779231637951,0.025432720489833985,-1.3828277587890625e-05,0.014211328125000033
106,0.8385579112216562,0.8454749180933063,-0.006917006871650089,0.14586969852990417,0.01434999704360962,0.0021532274584712767,0.015659749988925768,0.0247344316931821,0.00014138221740722656,-0.011111328125000042
107,0.8375862996922102,0.8452336626139818,-0.007647362921771594,0.23928282394758926,0.015049993991851807,0.0020615944270203045,0.019003668876383627,0.023463748752484147,-0.00011926889419555664,0.009981933593749992
108,0.83835168921133,0.8422791891951511,-0.003927499983821137,0.1347971881179023,0.014550000429153442,0.001977028634922632,0.01684374702238955,0.024186129373608894,6.139278411865234e-06,-0.003857910156250033
109,0.8451935739549328,0.8425074155220996,0.0026861584328331523,0.2798811349328616,0.01690000295639038,0.0018641383362520646,0.02096528872382924,0.024296002591332255,0.0001659393310546875,0.001752343749999996
110,0.8411114762703499,0.8389012528836894,0.002210223386660437,0.2426745540538644,0.017199993133544922,0.002081154103720508,0.01892168769162915,0.025881393137489484,-4.1484832763671875e-05,-0.0005035156249999506
111,0.8390819927548513,0.8438538208477974,-0.004771828092946073,0.1864319614035097,0.016650021076202393,0.0023842593500811625,0.022574290216142042,0.02410693363618408,-4.4345855712890625e-05,-0.0010742187499999667
112,0.836487423303967,0.8440770222581206,-0.007589598954153676,0.23816529201871783,0.01605004072189331,0.0024242166736631516,0.019936006429775686,0.026466038529528925,-9.626150131225586e-05,0.003045996093750003
113,0.8489845511839562,0.8454623733292213,0.0035221778547349647,0.19997317934871794,0.01570001244544983,0.0024278797828660432,0.016937247227147956,0.02578458060722469,-0.00010836124420166016,-0.011582324218749995
114,0.8375133701538743,0.8458901372101385,-0.008376767056264223,0.21381311768700084,0.018150001764297485,0.0021351206896417126,0.018597567686995702,0.024334330278540185,1.8775463104248047e-05,0.010786132812500071
115,0.8431034135260788,0.8453215881218761,-0.0022181745957973176,0.15954653243837236,0.01410001516342163,0.0020367368672310018,0.017842847637093935,0.02317444670883786,-3.2067298889160156e-05,-0.0036709960937499897
116,0.8440331786598186,0.8466859844199619,-0.002652805760143262,0.1686335295632876,0.018249988555908203,0.0020881896502916303,0.02011898352502318,0.02527919418224943,-2.6404857635498047e-05,-0.006666699218750072
117,0.8392682072761765,0.8392880162217691,-1.9808945592614258e-05,0.19760075559086954,0.018200010061264038,0.002958729491965487,0.02088117651689609,0.02487550589793003,7.730722427368164e-05,-0.001208593750000042
118,0.8431697646007996,0.8462436614434904,-0.003073896842690771,0.1813595712710756,0.0158500075340271,0.0016138945057990713,0.025633484804750802,0.0235378357839979,-3.30805778503418e-05,0.0008894531249999948
119,0.8463300264980251,0.8412645717135958,0.005065454784429324,0.24906780367710313,0.014149993658065796,0.0019501988392438446,0.020079428423413512,0.02421678779993962,-0.00014531612396240234,0.014937792968749974
120,0.8525617412357491,0.8418933835578726,0.01066835767787655,0.1855155672728389,0.014450013637542725,0.002338432420910006,0.015312293933240097,0.026144649158798074,-1.5437602996826172e-05,-0.007893066406250038
121,0.8403134404104675,0.8423592242794337,-0.0020457838689661445,0.18922265583807585,0.018299996852874756,0.0022060628676094807,0.015568520670616075,0.025796002959685142,1.5854835510253906e-05,0.0012784179687500563
122,0.8394420404179502,0.8406211711151428,-0.0011791306971925541,0.22476133425088063,0.018750011920928955,0.0019865259929982993,0.017970083373086643,0.025683812204186213,-2.4020671844482422e-05,0.0013187500000000352
123,0.84274299184899,0.8381190927319532,0.004623899117036867,0.16763828014583682,0.014550000429153442,0.0023101021368562005,0.02085051250674029,0.024878109691433857,9.649991989135742e-05,-0.0007451171875000329
124,0.841196040168077,0.8431392253326222,-0.0019431851645451692,0.23345795393076085,0.015049993991851807,0.0022064939564760654,0.01851036674116738,0.024902211737839988,-0.00011181831359863281,-0.0009090820312500081
125,0.8415739612805295,0.8435713008894764,-0.00199733960894688,0.18116185003683793,0.015799999237060547,0.0022738366345936446,0.02000764158566744,0.02574926529372254,7.343292236328125e-05,-0.007781738281250006
126,0.8406515333544385,0.836913805792038,0.003737727562400539,0.2000606545588044,0.020850002765655518,0.0018165753413315819,0.018150317395383846,0.026529176601666312,-0.00016820430755615234,-0.008597949218750012
127,0.8426679055364106,0.844328740570614,-0.001660835034203445,0.19311236089925177,0.014599978923797607,0.0021290543141210525,0.01806502190128224,0.025351781778069116,0.00011467933654785156,-0.014899511718750036
128,0.8419331142022627,0.8406307807153993,0.0013023334868633718,0.20346967078638345,0.017900019884109497,0.0022800515783589904,0.027394073698489486,0.02443782744875378,-0.00013756752014160156,0.005332519531250024
129,0.8416347041255927,0.8397593338125825,0.0018753703130102162,0.19715485825070556,0.014749974012374878,0.0027443654793378484,0.018229290125242787,0.028843165878337126,5.644559860229492e-05,0.0007350585937500043
130,0.8405979143829934,0.8467186215943672,-0.00612070721137381,0.18973378578848166,0.015799999237060547,0.0020083712458292312,0.018489945950831418,0.02414335787072542,-5.0187110900878906e-05,-0.010717187500000003
131,0.8356468766189856,0.8466970694288923,-0.011050192809906711,0.21112340806314012,0.01925000548362732,0.0022839444575906134,0.023559385995223798,0.024386125718346415,-4.100799560546875e-05,0.00450292968749999
132,0.8389188236867731,0.8428623278514314,-0.003943504164658385,0.20594822086384956,0.017199993133544922,0.0026406521584728085,0.021528725209373177,0.025968136625063944,4.017353057861328e-05,0.008264746093749942
133,0.842669058631093,0.8382198888581868,0.004449169772906214,0.20231604696116545,0.018849968910217285,0.0018231911634541248,0.02166514903700103,0.024891833332989454,-2.8073787689208984e-05,0.006705859375000012
134,0.84627515240714,0.8420106688468045,0.004264483560335486,0.15193895434710503,0.022000014781951904,0.00295221220301926,0.02296801324282203,0.02712938842910397,6.9141387939453125e-06,-0.006905859375000045
135,0.8426960688766283,0.8431123476372391,-0.0004162787606107887,0.2682587678862379,0.017850011587142944,0.0019488439710155434,0.02412250470994419,0.02429917327887613,-5.990266799926758e-05,0.007521191406250072
136,0.8450384170177925,0.846797293319301,-0.0017588763015085052,0.20537989941956158,0.01690000295639038,0.0020764525086330483,0.018004408270530046,0.025230826509923192,4.7266483306884766e-05,0.004006640625000002
137,0.8432483376579978,0.8446659361370431,-0.0014175984790453233,0.22712179704025814,0.016550004482269287,0.0021970033194428813,0.018826173154395602,0.026238202454036394,-9.113550186157227e-05,-0.010311328124999963
138,0.8444929585143832,0.8437406158325585,0.0007523426818246692,0.18368887472046047,0.01675000786781311,0.002156755682745519,0.022025884152400577,0.0238406767454534,-5.1856040954589844e-05,0.003930078125000014
139,0.84050913376884,0.8428274061484019,-0.0023182723795619475,0.2592382987369892,0.016550004482269287,0.002394300471441872,0.01898184882270484,0.027754073306493106,-6.395578384399414e-05,-0.004275292968749955
140,0.8481475012376615,0.8383762623865177,0.009771238851143726,0.23723090407924163,0.017099976539611816,0.0017165060064967238,0.018571397747868746,0.025003181641357366,0.00011217594146728516,-0.0007003906250000469
141,0.8417494664143373,0.8442063109728164,-0.0024568445584790544,0.19422430633186294,0.017849981784820557,0.0020965898971423242,0.01975221670176764,0.024168530980984836,-0.00018548965454101562,0.0012572265624999357
142,0.8434898667305537,0.8367110092057731,0.006778857524780579,0.2634472049689439,0.017150014638900757,0.0017562987945706847,0.018594816769053692,0.026029598834592996,4.112720489501953e-06,0.006683886718749976
143,0.8480682432141678,0.8402228163992871,0.007845426814880763,0.17166985932506718,0.015250027179718018,0.001596396522604931,0.016009503066233235,0.027185667562857244,-3.790855407714844e-05,-0.004897949218749975
144,0.8429878629743498,0.8447721945807924,-0.0017843316064426462,0.20323247100128128,0.012650012969970703,0.001960473465004028,0.014770234219815024,0.02434937981514413,-4.279613494873047e-05,-0.00015488281249997904
145,0.8381773942778856,0.8441694382716435,-0.005992043993757856,0.17690194589886954,0.013750001788139343,0.0018124248083184896,0.016179396370143047,0.02650275546177354,-0.00014704465866088867,-0.0038368164062499432
146,0.8463438178048674,0.8341961577482865,0.012147660056580967,0.23917041766955593,0.015599995851516724,0.002418278563196316,0.020708073867380904,0.025701147842453642,-0.00016385316848754883,0.0008240234374999877
147,0.8453168009217124,0.843423748183608,0.0018930527381043616,0.22396095825458062,0.014200031757354736,0.002006481355045328,0.017664774832013348,0.025645079694946993,4.494190216064453e-05,-0.009205468750000056
148,0.841000317029269,0.8422568488781612,-0.001256531848892184,0.22808358639914306,0.017000019550323486,0.00340825137911545,0.019624575651956792,0.026568607980593226,-3.421306610107422e-05,0.0011226562499999648
149,0.8425351859172765,0.8448312230262394,-0.0022960371089628673,0.2217578539433368,0.014299988746643066,0.0015013779792262855,0.01781714990651079,0.023487706514197616,-2.7120113372802734e-05,-0.0067632812500000306
150,0.8394010069820941,0.8477835380915637,-0.008382531109469626,0.20224026178461385,0.016799986362457275,0.002056439595247073,0.021343152273844857,0.023826819427251577,-6.598234176635742e-05,0.008011621093749977
151,0.8494487081801303,0.8323573357138265,0.017091372466303767,0.24324575891432676,0.01629999279975891,0.0016241580055037037,0.021885719838920216,0.024295491338193857,-9.930133819580078e-05,0.004079003906250045
152,0.8427365584894357,0.8390663083932444,0.003670250096191374,0.19744718243831805,0.014450013637542725,0.002626881354841098,0.020197059345651646,0.026880051122183366,0.00013619661331176758,-0.006273632812500041
153,0.8421457655327835,0.8440028222412287,-0.0018570567084451595,0.22988697242814837,0.014100000262260437,0.0021688027040755193,0.017712241567369728,0.026216666891333475,9.72747802734375e-05,-0.005229003906250029
154,0.8404622147064533,0.848640443499039,-0.008178228792585673,0.22030648578208545,0.016749978065490723,0.0021801589917962347,0.02132930763447555,0.02494101502515694,0.0004082918167114258,0.006633789062500006
155,0.8419431829922002,0.8400447647308182,0.001898418261381929,0.21594990653873758,0.01704999804496765,0.0027784558413790983,0.026316883086859838,0.024901688600686835,-8.45193862915039e-05,0.00931376953124996
156,0.8431687157344627,0.8448253472730456,-0.0016566315385828645,0.19987773871483372,0.015049993991851807,0.001991035493579253,0.01792771637052198,0.024345331837046204,-2.8192996978759766e-05,-0.00530390624999999
157,0.8461601110408505,0.8400653367663142,0.006094774274536308,0.2262619049183323,0.016350001096725464,0.0019465416860213415,0.019964514670025003,0.023223734742068815,-0.0002607107162475586,0.015181542968750072
158,0.8398578362730376,0.8444322028381815,-0.0045743665651439835,0.17464252878705544,0.01305001974105835,0.0023397619967597955,0.017544323525965945,0.023768019248298758,9.47713851928711e-05,0.000576562500000044
159,0.8439525418671062,0.8453891592973843,-0.0014366174302781198,0.26858490946003066,0.015150010585784912,0.00199858729124262,0.01990326606297771,0.024238408222240014,-3.0279159545898438e-05,0.011090332031250094
160,0.8464315604972381,0.8390887271877289,0.007342833309509245,0.2068483368894325,0.017949998378753662,0.0023266442730222334,0.026909125649062216,0.02886602451764242,-3.224611282348633e-05,-0.005920605468749951
161,0.8464576478057154,0.8431042073680732,0.0033534404376421856,0.2185050724925558,0.015550017356872559,0.001743331883144937,0.018885064144388324,0.02401873326456737,-1.9311904907226562e-05,-0.010441015624999939
162,0.8415332710711705,0.8405793713138568,0.0009538997573136365,0.2158872975087418,0.015350013971328735,0.002184289610764648,0.018782851544143893,0.02659836083101764,0.00048041343688964844,-0.02267343749999995
163,0.845113008042918,0.8392056375229925,0.005907370519925514,0.17974481519477314,0.01335000991821289,0.0017702759034591456,0.01481572497108203,0.02513889791825738,-0.0001347661018371582,0.005000195312499955
164,0.8416161866098313,0.8445342614668909,-0.002918074857059638,0.18070905103045354,0.013799995183944702,0.0021109369318502726,0.021536948566709697,0.026605711458723674,0.00025850534439086914,0.004365722656250015
165,0.8374791354083074,0.8368022825032827,0.0006768529050247274,0.18453797460554067,0.015149950981140137,0.0020008499936566165,0.020354100815227514,0.026136001511937058,8.51750373840332e-05,-0.006684277343749989
166,0.8495384479447288,0.8457288516388142,0.0038095963059145976,0.24583849061223229,0.013850033283233643,0.0022025314645502656,0.017400517527717048,0.024626021558073204,-8.499622344970703e-05,0.00939804687500001
167,0.8352857225052648,0.8398861884980245,-0.004600465992759761,0.20474830788975185,0.01530003547668457,0.001759051806053278,0.02310750477561743,0.026453212265023528,-0.00012159347534179688,0.007911621093749988
168,0.8461723270035283,0.8419761015010802,0.0041962255024481365,0.23420403590990213,0.017150014638900757,0.002142637479330693,0.021344436801679963,0.023463188182424,-1.2516975402832031e-06,-0.0013953124999999678
169,0.8443840066461707,0.8371557460903088,0.007228260555861898,0.2497221875617509,0.012900024652481079,0.0018005383064491204,0.015258398375411158,0.024084597072967805,-0.00012040138244628906,0.0009025390624999297
170,0.8455537195949995,0.8430597839456179,0.0024939356493816067,0.19112142504973562,0.013849973678588867,0.001873955936433643,0.01846802299089001,0.029162836594996588,5.960464477539062e-07,-0.008320800781250026
171,0.8431608055052925,0.843958480535162,-0.0007976750298694935,0.18824973477903229,0.016650021076202393,0.0023459448778089726,0.01642655695551914,0.026673139557561835,0.00012558698654174805,-0.008201074218749937
172,0.8397387436917145,0.8405018065808372,-0.0007630628891226454,0.13113487356039677,0.01765000820159912,0.0020536571342238408,0.0185958247536639,0.024100093747888216,5.2034854888916016e-05,0.0036875000000000657
173,0.8372953924366584,0.8378124483468792,-0.0005170559102207761,0.2227323900755631,0.019350022077560425,0.0017923533169699013,0.022637541989326538,0.026056218118026133,-5.1915645599365234e-05,-0.0006041015625000146
174,0.8381387677591132,0.8411605643189783,-0.0030217965598651197,0.14780299010428988,0.01380002498626709,0.002120101705100206,0.018262288317599063,0.02668202151331341,4.303455352783203e-05,0.006919824218750037
175,0.843546222944482,0.8410290248945799,0.0025171980499021362,0.14480160931110397,0.019499987363815308,0.0022602611530829412,0.02280991286129088,0.025029402978051667,0.00010895729064941406,-0.009694921874999984
176,0.8368485082806678,0.8449193510026918,-0.008070842722023963,0.21493060161759348,0.01690000295639038,0.0030691616668987714,0.020055502885863486,0.029183411462245054,0.0001112222671508789,0.0021418945312499105
177,0.83751854581169,0.8425209794892103,-0.0050024336775202904,0.19548538267288262,0.014499962329864502,0.002437171311446648,0.015817277143717706,0.024320101141744696,-1.9431114196777344e-05,0.004626464843749956
178,0.8393541842973807,0.8385119075086991,0.0008422767886816507,0.1950845481360879,0.0176999568939209,0.001970875654056798,0.019050196610058846,0.028002977174706276,3.5643577575683594e-05,0.001587695312499915
179,0.8407902844054209,0.8419403287845632,-0.0011500443791422343,0.24560433738022736,0.015200018882751465,0.0026441978378333206,0.021059880815963727,0.027465789645168052,-0.00013071298599243164,0.0019961914062500696
180,0.8410342178330273,0.8475969058449783,-0.0065626880119509234,0.2181014343454536,0.013899996876716614,0.0025166282004452757,0.018624043111334327,0.025120977648822696,8.404254913330078e-06,0.0011624023437499797
181,0.8458214901960786,0.8355744616206571,0.01024702857542148,0.20616096866728062,0.016099989414215088,0.002305362279330516,0.019631767680678508,0.023426509027905794,0.00014543533325195312,-0.002296972656250007
182,0.8416269650101262,0.8393649323113919,0.002262032698734373,0.19054183673799663,0.017849981784820557,0.0019028916337088763,0.024361119274704243,0.024853312901305935,6.556510925292969e-06,0.002947753906250017
183,0.8410706419857755,0.845078868414429,-0.004008226428653505,0.197060972370657,0.018000006675720215,0.0026948515156107584,0.025724029067702714,0.026052503342445157,6.705522537231445e-05,-0.0017678710937499842
184,0.8407408620247008,0.8427419894903777,-0.002001127465676933,0.23028165169839576,0.017499983310699463,0.0024665666194164434,0.01984517742779501,0.02639853802600529,-6.258487701416016e-06,0.010814160156249919
185,0.8384701988047161,0.8432015130665291,-0.004731314261813058,0.23758569633696425,0.0158500075340271,0.0018424326926650939,0.019169003249468207,0.024393758485828726,1.5139579772949219e-05,0.006066308593750014
186,0.8366599085476423,0.8452188582346164,-0.008558949686974127,0.1880147269327892,0.016099989414215088,0.0021405946135934395,0.019575447733706734,0.025266195609443654,-4.464387893676758e-05,-0.006048242187499997
187,0.8452288909997276,0.8357171523838745,0.009511738615853194,0.2779894361030959,0.013999998569488525,0.0019161452620476663,0.01722423522696627,0.024713066597512084,5.245208740234375e-06,-0.01561611328125001
188,0.8513270465832639,0.8369791034269477,0.014347943156316156,0.24007192637017816,0.01524999737739563,0.0020817306250433083,0.022768683210566677,0.024279604713288147,-0.0001036524772644043,-0.006474902343750033
189,0.839449881436013,0.8454078670172233,-0.005957985581210301,0.1507276243186556,0.015450000762939453,0.002466073724268217,0.01589921027773067,0.02413925060092027,-5.7637691497802734e-05,0.004132714843749996
190,0.8375032172677074,0.8530729104094613,-0.015569693141753937,0.16935213728060294,0.01759999990463257,0.0019140421383628012,0.01934479573636801,0.023669691963645618,-1.138448715209961e-05,0.007454687500000001
191,0.8402677920842105,0.8431505674187194,-0.002882775334508869,0.13247964272062074,0.017250001430511475,0.0022414999528695013,0.019895665415258272,0.025913547970481798,-0.0001576542854309082,-0.003937500000000038
192,0.8426216453521663,0.8395762931857225,0.00304535216644386,0.1734626508919732,0.01644998788833618,0.0020277111975471654,0.017656239976840623,0.025988522913769692,-0.00018846988677978516,0.0027633789062500025
193,0.8455164113350263,0.8412947984640679,0.004221612870958458,0.19682581673338262,0.01825004816055298,0.0021562356467264747,0.020990661189647118,0.023870500083145233,1.2278556823730469e-05,0.0005734374999999403
194,0.8420162891866179,0.8444933767327312,-0.00247708754611331,0.2284402380946352,0.01510000228881836,0.002120040388748103,0.02247491851863082,0.027435749816811662,1.5914440155029297e-05,0.0016856445312499746
195,0.842423129410322,0.8422087477944733,0.0002143816158487466,0.19753282126612526,0.015950024127960205,0.0021731475541643805,0.019930009331959705,0.024337734389768533,4.744529724121094e-05,0.00011806640625000586
196,0.8459467836745611,0.840359834772059,0.005586948902502109,0.21089225589225602,0.015349984169006348,0.002557267962178084,0.01938765318339752,0.025848182209681204,-8.493661880493164e-05,-0.010225976562499961
197,0.8459318003470773,0.8403299090552958,0.005601891291781458,0.22221730325357525,0.01909998059272766,0.002231190501676906,0.020532835063301474,0.025957098593359075,-8.696317672729492e-05,-0.004616015625000025
198,0.8406885867014002,0.8458035493300382,-0.005114962628637976,0.2595906603525643,0.014849990606307983,0.0022840872711218686,0.020287804275248098,0.03122958825567525,-9.262561798095703e-05,-0.004107519531249992
199,0.838232650774804,0.8407392545243965,-0.00250660374959244,0.25948257080610027,0.016100049018859863,0.0020675722914746887,0.01935035450440171,0.023707085307185096,3.457069396972656e-05,-0.007492187500000025
200,0.842123195916952,0.8400815252954371,0.002041670621514835,0.17521530934302143,0.012350007891654968,0.0016362792900331473,0.017652529506415413,0.0240235870201051,2.562999725341797e-05,-0.005401171874999999
201,0.838490886609379,0.8448196779840985,-0.0063287913747195335,0.222013041449581,0.01464998722076416,0.0019268900393531814,0.015666739524700483,0.024943568790900785,-9.5367431640625e-07,-0.0030580078124999854
202,0.8480528666814466,0.8377353663813345,0.010317500300112137,0.2498940914190123,0.014800012111663818,0.0019189473289490523,0.019607935188108893,0.026109732424943386,-1.430511474609375e-06,-0.001048437499999999
203,0.8447008903402107,0.8401648324328893,0.004536057907321367,0.1813238186065419,0.013900041580200195,0.0018160095015661228,0.016199420433099486,0.028444671680986976,-0.00011134147644042969,0.015753320312499985
204,0.8488795653136227,0.8418202746419028,0.007059290671719953,0.20555219328585006,0.01335000991821289,0.0016162091870694155,0.020045914924124844,0.023610855409525587,-0.00012314319610595703,-0.003121777343749965
205,0.8392808681548769,0.8379641761703113,0.0013166919845656322,0.20486785436922783,0.014650017023086548,0.002151998249737841,0.01515227535522479,0.026121884355179648,-1.4066696166992188e-05,-0.006334277343750028
206,0.8365307165819549,0.8396280570434214,-0.00309734046146648,0.17769125594531987,0.015549987554550171,0.0022715166887697074,0.02110753145137359,0.027551977749680854,-9.489059448242188e-05,-0.005963378906249983
207,0.8460170788197727,0.8354088474431525,0.010608231376620259,0.16574147950158968,0.014800012111663818,0.003134778027453868,0.022501059563250023,0.026506215017160852,-8.26716423034668e-05,-0.005274414062499955
208,0.8439529464119497,0.8402074556257759,0.0037454907861738107,0.20060657891386602,0.016099989414215088,0.0027456837001559823,0.01878380044576384,0.024277109494494867,7.641315460205078e-05,0.009380664062500044
209,0.8457289017600428,0.8419627442589336,0.003766157501109202,0.2362749127864312,0.017399966716766357,0.0020960312983800476,0.025403584257452715,0.029642853942277583,4.5299530029296875e-06,-0.0029799804687499765
210,0.8376195470964306,0.8430989376960941,-0.005479390599663514,0.11075133272500148,0.014449983835220337,0.0027334155683165317,0.019097497355933055,0.024912379784611017,4.935264587402344e-05,0.006204101562500064
211,0.8370071860472684,0.8440174254164741,-0.00701023936920564,0.12755834545176692,0.017000019550323486,0.0021367285026102634,0.019624946729595263,0.025403847610298055,-0.00012224912643432617,0.0010117187500000568
212,0.8451631556034039,0.8466245860124614,-0.0014614304090574404,0.15633831832640543,0.016699999570846558,0.0022905189910455014,0.019552288008228665,0.024042964655481353,0.00015985965728759766,-0.005579785156250017
213,0.8407416471369653,0.8481686079318019,-0.007426960794836623,0.16136703277437847,0.015799999237060547,0.001842237159165907,0.019670677034126095,0.025462471755462786,-0.00013810396194458008,0.0036566406250000405
214,0.8422278615884264,0.8460555123632826,-0.0038276507748561395,0.1909815705128205,0.02369999885559082,0.0027530099471178297,0.02652844778107406,0.028003585847672808,-0.00011450052261352539,0.0008290039062499588
215,0.8445885596430796,0.8344743462123142,0.01011421343076535,0.2079107135029017,0.014899969100952148,0.0021519411642156637,0.021900104815427937,0.02627839713887196,-0.0001608133316040039,0.009387988281249982
216,0.8460951989827284,0.8365652045111959,0.009529994471532577,0.23538458373910975,0.017700016498565674,0.002168859510853953,0.02001207272776277,0.02435909504562123,4.845857620239258e-05,-0.002432617187499986
217,0.8384596974412375,0.8456998818616548,-0.007240184420417295,0.27493279634174483,0.016650021076202393,0.001963892995730544,0.019418626760706745,0.025185385264839637,-0.00016039609909057617,-0.010078710937500013
218,0.8417534828134672,0.8447518443291008,-0.0029983615156335963,0.22472722012723267,0.0163000226020813,0.0018700249812379365,0.018892606625177194,0.024395406724421007,-3.159046173095703e-06,0.017850195312499983
219,0.8433527133445424,0.8412680627962114,0.0020846505483310684,0.22059064809801432,0.01510000228881836,0.002022654842223961,0.020022941160219826,0.023460893220374025,6.496906280517578e-06,0.010987597656250014
220,0.8468069388310334,0.8410627026354478,0.005744236195585617,0.23030644226669872,0.015450000762939453,0.0019584963663917742,0.02222741638377574,0.02416396248372986,-7.349252700805664e-05,-0.001258984374999994
221,0.8408669970262369,0.8393412265337418,0.0015257704924951376,0.17550631743513478,0.0147000253200531,0.0018054777316625105,0.018004680279619045,0.027467958739693665,0.00015616416931152344,0.0029162109375000522
222,0.8474457465959653,0.8392881841214317,0.008157562474533586,0.21113293946407552,0.019149988889694214,0.002879892912592292,0.023424863796247565,0.026027438578142433,5.733966827392578e-05,0.002040625000000018
223,0.842389223462809,0.8380273571665896,0.004361866296219374,0.17515742993721495,0.015250027179718018,0.0020173077963490855,0.01705696097157531,0.026091037551627075,-5.3942203521728516e-05,-0.004598730468750034
224,0.8393497196644083,0.8432423150363902,-0.003892595371981944,0.21548882969855554,0.01705002784729004,0.0022756995916608496,0.018913785221441815,0.02440322946773335,3.159046173095703e-06,-0.00872871093749994
225,0.8456951695727479,0.841115712649939,0.004579456922808922,0.18578920178045777,0.014099985361099243,0.002598179095469297,0.01812750766273683,0.025871598358477608,-7.539987564086914e-05,-0.0007288085937500188
226,0.8439184004581027,0.8450721654862283,-0.0011537650281255862,0.2286476462563215,0.01410001516342163,0.0019918989346154694,0.019058173922638214,0.024095870111285948,0.0002313852310180664,0.0058980468749999515
227,0.8386865618203795,0.843077275990303,-0.0043907141699235375,0.2224110488615747,0.015450000762939453,0.0021021301355392107,0.018522388017279016,0.02376785395946694,-8.219480514526367e-05,-0.0064142578124999905
228,0.8415065338910895,0.8422917905933263,-0.0007852567022367252,0.17020858175248432,0.01644998788833618,0.0019049566037229813,0.0199674224244902,0.026075563681505994,0.00012379884719848633,-0.004984472656250016
229,0.8380034428079663,0.8409080177087143,-0.002904574900747914,0.23558598943708053,0.01434999704360962,0.001923704778225772,0.01778787243472124,0.02661153563023908,0.0001201629638671875,-0.0008783203125000139
230,0.841872894841906,0.8465397804067455,-0.004666885564839518,0.23434368735599398,0.01510000228881836,0.0024524187540157813,0.018130848134727758,0.027813840499986857,-5.1915645599365234e-05,-0.0013948242187500348
231,0.8512354560358163,0.8400982559130048,0.011137200122811497,0.21760607982148672,0.01864999532699585,0.0018700049126968367,0.019956514214859257,0.023433394599901194,-3.0159950256347656e-05,-0.006715136718749959
232,0.8417990932436737,0.8409373105926048,0.0008617826510689541,0.3016931372196683,0.01750001311302185,0.0019879567002412234,0.019361405003801808,0.023792185700914674,-8.320808410644531e-05,-0.005037402343749997
233,0.8450260303405546,0.8484993891751945,-0.00347335883463995,0.24716961201809884,0.018150001764297485,0.0019862751765877627,0.0232406809387235,0.02593915662711716,0.0002008676528930664,0.014324999999999921
234,0.8449005998490529,0.8432270369484854,0.0016735629005674157,0.20570112701588783,0.012950003147125244,0.0020809958549430985,0.016477289043549857,0.02488386418512219,-0.0001742243766784668,-0.003862499999999991
235,0.8363810378776843,0.8464346800351664,-0.010053642157482168,0.2033179863447342,0.020200014114379883,0.0024908881119101558,0.024906159280829843,0.02773327657279766,-8.779764175415039e-05,0.005161328125000031
236,0.8411255886898994,0.8453962980651658,-0.004270709375266413,0.19124517551559717,0.013199985027313232,0.0019244851412346345,0.016704533341528098,0.025639849864769776,-1.811981201171875e-05,-0.0013008789062499693
237,0.8409258412337209,0.8423887352157898,-0.0014628939820688913,0.2054944902197684,0.015650033950805664,0.0021094219751382616,0.018672216958432353,0.028177713496889082,-0.00010466575622558594,0.003438671875000021
238,0.8437287775469163,0.8399224321209443,0.003806345425972024,0.250471520426387,0.015599995851516724,0.0023965172521548637,0.01803511230578204,0.025705704423626186,0.00021541118621826172,-0.014255664062500006
239,0.8467568415159425,0.8369970298788167,0.009759811637125804,0.19683182160590185,0.018500030040740967,0.0020389494632880455,0.01799108072357737,0.02391919414336695,3.3020973205566406e-05,-7.382812499995284e-05
240,0.8416942053036787,0.8395790663068052,0.0021151389968734335,0.21569715299749137,0.014050006866455078,0.0020073696707061037,0.019829105456542546,0.024753952484244748,2.288818359375e-05,0.0021067382812500757
241,0.841072366128912,0.837418121181419,0.0036542449474930017,0.22222717005391135,0.0256500244140625,0.003614763538773923,0.0295170898029522,0.029236632998692412,-2.9802322387695312e-05,0.0006565429687499513
242,0.8383512081372086,0.8378956524695695,0.00045555566763910704,0.21922166493852768,0.01660001277923584,0.001772586052601037,0.019138240337690748,0.022442518039067293,-7.867813110351562e-06,-0.015055468749999967
243,0.841482108784561,0.8495486481801473,-0.008066539395586325,0.22488775314243548,0.01600000262260437,0.003064609065062892,0.019056754309213893,0.02906746832026259,1.2755393981933594e-05,-0.020574902343750034
244,0.841188013692767,0.8406040869318998,0.0005839267608671594,0.16449632590900443,0.015550002455711365,0.0019020151786004933,0.015213384616616964,0.024883275120279026,-5.447864532470703e-05,-0.0004807617187500002
245,0.8384380580805477,0.8433534736208532,-0.004915415540305501,0.24133675561450396,0.02249997854232788,0.003399702571554466,0.03616367034885315,0.028479573733557268,-0.0001016855239868164,-0.004429394531250019
246,0.8435396993555442,0.8483315053919436,-0.004791806036399393,0.21264539514007974,0.01639997959136963,0.0021538490367421313,0.01782172114665967,0.02825956182013062,3.045797348022461e-05,-0.004901171874999999
247,0.8474510619989221,0.8451057893856232,0.0023452726132988655,0.18249566381387095,0.01410001516342163,0.0016647956205151227,0.016262636146854508,0.024691899157008583,-1.2636184692382812e-05,-0.009181640625000043
248,0.8465546707392458,0.8372474056644184,0.009307265074827487,0.2933226683038964,0.018800020217895508,0.0021054797115962975,0.020675820747573265,0.026136974228949603,-4.8100948333740234e-05,-0.0003852539062499938
249,0.8502373244567318,0.840262149265127,0.009975175191604846,0.15806058332836925,0.012749999761581421,0.0017462787140761589,0.01423456283202038,0.023603522019276613,-6.496906280517578e-06,0.0051654296875000005
250,0.8456032682465233,0.8425354197095869,0.003067848536936424,0.19525699108404582,0.016949951648712158,0.0023139241462953545,0.021425924949772867,0.02458329657701743,-7.516145706176758e-05,-0.0003852539062499938
251,0.8459570640556727,0.8459774870273423,-2.0422971669598056e-05,0.21450443620844561,0.015049993991851807,0.0019316254084245717,0.01724807973911509,0.022787322001849478,-8.821487426757812e-06,-0.0015233398437500267
252,0.8394919254808837,0.8366235091987653,0.0028684162821184245,0.2247520349639197,0.019899994134902954,0.0017226088924100255,0.019445126232598784,0.02358054509595097,-8.45193862915039e-05,-0.009208984375000007
253,0.8418988158004007,0.8392906200498752,0.0026081957505255104,0.22655333419599732,0.014450013637542725,0.002378268137351227,0.016504759971840803,0.02543649962310926,-0.00010156631469726562,-0.013394140624999995
254,0.8409238628618921,0.8468678344850803,-0.00594397162318816,0.1818765983868711,0.01705002784729004,0.0032806774565138095,0.022930910685639145,0.02622216346459681,-8.976459503173828e-05,0.0011346679687500583
255,0.8413875100426493,0.8413439724253803,4.353761726905159e-05,0.21626899980003178,0.01614999771118164,0.001793099805887219,0.018843458538623153,0.02684308167426454,0.00012385845184326172,0.005091796875000054
256,0.839094712250626,0.8493416835077046,-0.010246971257078519,0.23271862313845337,0.014650046825408936,0.00288735172548135,0.018999973595073313,0.026149654890647397,5.632638931274414e-05,-0.0024163085937500273
257,0.8440899287851029,0.8381942030739655,0.0058957257111373895,0.2060378092596694,0.018500030040740967,0.0016603246490078903,0.021038935746385618,0.0278245964740869,-0.00013369321823120117,-0.002342968749999952
258,0.8399051519604918,0.8449935053556414,-0.005088353395149681,0.24829820968988559,0.015799999237060547,0.001830667293237546,0.018604949779602628,0.024242627652424874,-0.00010502338409423828,-0.0008770507812499995
259,0.844440424152714,0.8369167801283085,0.007523644024405529,0.22575821324491274,0.018150001764297485,0.0021597634300702102,0.020361285781164307,0.025597164310708694,-9.107589721679688e-05,0.006899218749999991
260,0.8426491934748618,0.8368764147483706,0.005772778726491179,0.25530992175084866,0.015899956226348877,0.0024736807401550638,0.0184864293615132,0.02706357587537489,-1.424551010131836e-05,0.00031542968749997957
261,0.8447574354414451,0.8456870708773848,-0.000929635435939713,0.22196374937510244,0.019200026988983154,0.0025724393682628227,0.02770109550045544,0.025293910009693714,-0.00012421607971191406,0.001164062500000007
262,0.8384299168003428,0.8414407257972155,-0.0030108089968726715,0.2151269605827334,0.013700008392333984,0.002142318776691423,0.020118184305132607,0.02429290068987862,-4.0471553802490234e-05,-0.0001331054687500055
263,0.846481268068446,0.8389431427261163,0.007538125342329782,0.19152031137486658,0.01840001344680786,0.002202952421689406,0.021575596878487074,0.024999124126025885,3.5881996154785156e-05,0.005037109374999904
264,0.8437232911842267,0.8413438237153053,0.002379467468921481,0.1991717013166382,0.015000015497207642,0.0018548104704651334,0.021702756553410987,0.025667046903634243,3.0040740966796875e-05,0.0015183593750001112
265,0.8438640319284835,0.8414916905722233,0.002372341356260188,0.21578677491546183,0.01864999532699585,0.0020630488743436965,0.028792562285610664,0.02637673671699801,1.3828277587890625e-05,-0.0037249023437500584
266,0.847023814673048,0.8485703402144803,-0.0015465255414323087,0.23662693243008515,0.015200018882751465,0.0022874156225648878,0.018705812226821904,0.027782037168147967,8.970499038696289e-05,0.007369433593749974
267,0.8421293115594811,0.847399105789792,-0.005269794230310931,0.15801993387092927,0.01639997959136963,0.002446974762131539,0.02325231039045287,0.026629063929710275,-0.00010401010513305664,-0.001004980468749972
268,0.845150482568356,0.8424060045889172,0.0027444779794387753,0.2150102462766551,0.01690000295639038,0.0023073570124673894,0.026319336484882525,0.024622171800776305,7.730722427368164e-05,0.008569238281250002
269,0.8444134939602561,0.8440859333503831,0.00032756060987304547,0.2246123470489073,0.018449991941452026,0.002510500478760169,0.02239338512038796,0.02820698404192022,6.54458999633789e-05,-0.005016894531249982
270,0.8473480743812027,0.8427751793713809,0.004572895009821831,0.23793772125876633,0.015549987554550171,0.003116175207568126,0.023177002815674128,0.02898035471110862,-5.739927291870117e-05,-0.0025715820312499638
271,0.8467790919827063,0.8386752621596292,0.008103829823077113,0.16221007839718993,0.013799995183944702,0.0019139310517346452,0.019251945816214203,0.024805285016913717,3.170967102050781e-05,0.003944238281250012
272,0.8372487762069339,0.845451903339274,-0.00820312713234006,0.21227408976800444,0.013750016689300537,0.002394579141208017,0.0169714741246768,0.02491234317773273,0.0001232624053955078,0.007643652343749974
273,0.8413004636591646,0.8343927793148631,0.006907684344301446,0.21217020430893918,0.014699995517730713,0.0020295743320401477,0.018509953014705934,0.024574343819158954,5.9604644775390625e-06,-0.006190039062499986
274,0.8402886433764758,0.8388211306083434,0.0014675127681323952,0.21942784618273659,0.016499996185302734,0.0016926824041368338,0.01828944436344015,0.024580892328804713,5.6862831115722656e-05,-0.004852050781250006
275,0.8420717605722969,0.8422060825974232,-0.00013432202512630997,0.23077926030567086,0.019200026988983154,0.002001781276669644,0.022471363850838817,0.027274964612704424,-0.00017517805099487305,-0.007151660156250017
276,0.8416936391496278,0.8452490934544659,-0.003555454304838057,0.22145435858916684,0.018899977207183838,0.002023308931860354,0.02674934898925786,0.022850775624295397,-8.302927017211914e-05,0.0022649414062499984
277,0.8452113401247803,0.8393152529738022,0.005896087150978113,0.19931062212112838,0.02045002579689026,0.00207726580135676,0.024930005354102284,0.024603394820497997,4.231929779052734e-06,-0.0037533203124999748
278,0.837364661155053,0.8393596362649726,-0.001994975109919528,0.21265133109676038,0.013700008392333984,0.0021209899764930555,0.018294997235989083,0.026726700022347633,-4.363059997558594e-05,0.018180664062499963
279,0.8402777867208554,0.8425373415001075,-0.0022595547792521042,0.20213747738054477,0.018999993801116943,0.002168964289134114,0.024227784379614557,0.024920814813045568,-1.2695789337158203e-05,-0.010672460937500017
280,0.8470503175181006,0.8435090532938001,0.0035412642243004555,0.2515452601961009,0.015650004148483276,0.0027082345638416885,0.01903231247779329,0.02631408777167875,3.4689903259277344e-05,-0.0008186523437500037
281,0.8461516566892887,0.8413997041430353,0.00475195254625338,0.19720463241393293,0.016200006008148193,0.0021546687325771805,0.02583972175398908,0.025121779451964813,3.826618194580078e-05,0.005553320312499999
282,0.8332482547370064,0.8398811315152787,-0.00663287677827229,0.21417418018443823,0.019900023937225342,0.0030373371158581206,0.025291491262782552,0.025202839798969645,3.7550926208496094e-06,-0.012252441406249981
283,0.843955805907884,0.8438116787901571,0.0001441271177269332,0.25143616557734183,0.01759999990463257,0.002139650815066789,0.020199329700072256,0.025762786920702316,-7.522106170654297e-05,0.007198437500000043
284,0.8392712062826381,0.8495397324172714,-0.01026852613463336,0.20614969505081593,0.016499996185302734,0.001937387376404743,0.01789778110046992,0.024147442547890825,-4.64320182800293e-05,-0.010440722656250068
285,0.8419562686605427,0.8444464509606794,-0.002490182300136645,0.190247938734881,0.01395002007484436,0.0019651055697968525,0.017596150441418764,0.02586453135400975,-3.874301910400391e-06,-0.0018129882812499831
286,0.8428678161493457,0.8418124679956741,0.001055348153671587,0.1580293255060763,0.0153999924659729,0.0023621054835912666,0.021244268307481256,0.025336557637460157,-5.8591365814208984e-05,0.0054161132812500234
287,0.8380289032571163,0.8404646303807236,-0.0024357271236072897,0.19964148172478646,0.017099976539611816,0.0019127968256904368,0.020480720928213167,0.02753335544910637,0.00011473894119262695,0.024969140624999997
288,0.838323792099578,0.839968309484749,-0.0016445173851710182,0.17382097964961907,0.014400005340576172,0.0017414566973363924,0.01880857082242299,0.028424439918871267,-0.00010901689529418945,0.0007295898437500448
289,0.8437442468019067,0.8379499815616709,0.005794265240235852,0.21548956615675663,0.01564997434616089,0.002904519540145195,0.01978403501431649,0.027890603296636694,-1.5139579772949219e-05,0.011613671874999953
290,0.8492723177216515,0.8434023607838834,0.005869956937768039,0.22378623456262225,0.015799999237060547,0.002852045148501966,0.020197760769424804,0.028241454395218617,-8.344650268554688e-07,0.02164765625000009
291,0.8473338105727519,0.8404274938403237,0.006906316732428253,0.22053875371171816,0.014949977397918701,0.0018745395889542727,0.01917800518556961,0.026575224337991785,-9.953975677490234e-06,0.009953906250000033
292,0.8450481898679418,0.8380921906088729,0.006955999259068979,0.20857149990624568,0.013600021600723267,0.0020804000036405033,0.019596041876764714,0.02503725877100171,-0.00014358758926391602,0.0029053710937499977
293,0.8386554888478105,0.8419847887831363,-0.0033292999353258246,0.20666758266296326,0.015549987554550171,0.0019644610645475576,0.01779412990826826,0.023850141556274157,-6.812810897827148e-05,-0.0002287109374999874
294,0.84311191806556,0.8455433623909446,-0.0024314443253846685,0.2552150656623232,0.017100036144256592,0.002216691417420134,0.017870046333351586,0.023678991770828824,-0.00011032819747924805,0.005101171875000032
295,0.8430006639649132,0.8419421589433943,0.0010585050215189407,0.1821540938698194,0.014150023460388184,0.0018359459965749901,0.014982105406990541,0.026059432890950758,-1.8775463104248047e-05,0.00861503906249994
296,0.8435050600299844,0.8416813189335731,0.0018237410964112577,0.20676952459951115,0.018700003623962402,0.0019416012355002248,0.01672691399035427,0.02327914303799337,0.00014412403106689453,-0.002339257812499995
297,0.8379149313760239,0.8341793756456239,0.0037355557303999642,0.21712416444683058,0.01759999990463257,0.0021315235195994943,0.022154733224133298,0.02563036239208102,-1.6808509826660156e-05,-0.0052550781250000345
298,0.8406652073703071,0.8493959066407946,-0.008730699270487419,0.23446304430634235,0.018349990248680115,0.0022476522439134534,0.01882406087845239,0.025585137095411443,5.799531936645508e-05,0.009590527343749988
299,0.844353296934869,0.8347706589488357,0.009582637986033316,0.178809705968195,0.01774999499320984,0.0020018071576378034,0.023437919305055108,0.02503394609290512,-0.00010627508163452148,-0.009821484375000022
